"Source","Target","Weight"
1,39,1
1,48,1
1,104,2
1,833,1
1,881,2
1,1156,1
1,2806,2
1,4558,1
3,124,1
3,147,1
3,149,1
3,518,2
3,5007,1
3,5230,1
3,5231,1
4,3239,2
5,253,1
5,779,1
5,848,2
5,889,1
5,4576,1
7,24,1
7,194,1
7,3115,1
7,3116,1
7,3117,1
7,3118,1
7,3119,1
7,3120,1
8,423,2
8,430,2
8,772,1
9,421,1
9,2414,2
9,2662,2
10,1721,1
10,1759,1
10,5798,1
11,202,2
11,5775,1
12,1,1
12,6,1
12,103,2
12,105,1
12,106,1
12,1073,1
12,1935,2
14,1243,2
15,241,1
15,1945,2
15,3342,1
15,3343,1
17,116,1
17,166,1
17,169,1
17,1094,1
17,1095,1
18,358,1
18,359,1
19,20,1
19,4545,1
21,80,1
21,502,1
21,2074,1
21,2581,1
21,2598,1
21,3238,1
21,3373,2
21,3477,2
21,3491,1
22,240,1
22,1097,1
22,3581,2
23,18,1
23,848,1
23,5107,2
23,5804,2
25,270,1
25,3335,1
25,3477,1
26,3491,2
29,454,1
29,457,2
30,58,1
30,63,1
30,201,1
30,458,2
30,823,2
30,890,1
30,1966,1
31,35,1
33,5260,2
33,5869,1
34,28,1
34,31,1
34,32,1
34,33,1
34,501,2
34,518,1
34,3256,1
35,4992,2
37,36,1
37,1438,1
37,5778,2
38,1323,2
38,2080,1
40,30,1
40,59,1
40,62,1
40,180,1
41,310,1
41,376,1
41,377,1
41,2378,2
41,3499,2
41,5594,1
42,2172,1
42,2767,1
42,3013,2
42,3016,2
43,1753,1
43,2370,1
45,534,1
45,3106,2
45,3324,1
45,5797,1
46,151,1
46,152,1
46,153,1
46,270,2
46,456,1
47,293,1
47,1974,2
47,1975,1
48,568,1
48,927,1
48,1178,2
48,1182,1
48,4372,2
49,1375,2
49,3373,1
49,5730,1
50,1376,2
51,1971,1
51,4984,2
55,273,1
56,2072,2
57,75,1
57,85,1
57,841,1
57,2189,2
57,3205,1
57,3751,1
61,60,1
61,430,1
61,4978,1
62,892,1
63,1761,1
65,66,1
65,684,2
68,1471,1
68,1472,1
68,2513,2
68,4211,1
69,2758,2
70,329,1
70,488,1
70,1733,1
70,1734,1
70,2266,1
70,2769,2
70,5779,2
71,5614,1
73,5804,2
74,785,1
74,2759,2
75,1401,1
75,1406,1
75,1407,1
75,1412,1
77,459,1
77,916,1
77,1323,1
77,2121,1
78,2154,1
78,2164,2
78,3245,1
79,727,2
79,2028,1
79,2033,1
79,2071,1
80,2123,2
82,5107,1
82,5258,2
82,5259,1
83,204,1
83,210,1
83,3501,2
83,3989,1
84,479,1
84,5124,2
85,3894,2
86,337,1
87,337,2
88,241,2
88,1769,1
88,1771,1
88,2573,1
88,2574,1
88,3239,1
88,6044,2
90,1093,2
90,2081,2
90,3768,1
90,3769,1
91,3250,2
92,577,1
92,5824,2
93,4063,2
95,12,1
95,918,1
95,1318,1
95,2106,2
95,2963,1
95,4335,1
95,4336,1
95,4337,1
95,4338,1
95,4536,1
96,3017,2
97,264,1
97,842,1
97,870,1
97,1760,1
97,2093,1
97,3301,2
97,3302,2
98,99,1
98,740,1
99,175,1
99,3456,2
99,3457,1
99,3458,1
100,367,1
100,803,1
104,39,1
104,48,1
104,1156,1
106,2022,1
108,91,1
108,107,1
108,109,1
108,457,1
108,458,1
108,763,1
108,5440,1
109,459,2
109,4992,1
110,111,2
110,638,1
110,5095,2
110,5772,1
111,638,1
111,5772,1
112,574,1
112,575,1
112,2516,1
112,3505,2
114,198,2
114,2512,1
115,1461,1
115,1462,1
115,4563,2
115,5636,2
116,238,2
118,1371,1
118,1372,1
120,855,1
121,5459,1
122,4784,1
123,141,1
124,912,2
124,2376,1
124,3238,2
124,4987,2
125,1666,2
127,55,1
127,1949,2
128,129,1
128,2755,1
130,88,1
130,2916,1
131,202,1
134,135,1
134,2087,1
134,2088,2
134,5644,1
135,4978,2
136,3456,1
136,3608,1
137,401,1
138,4983,1
138,5112,2
139,1473,1
139,1474,1
139,1475,1
139,2093,2
142,46,1
142,648,2
142,3484,2
142,5836,2
145,5593,1
147,3245,2
148,4974,2
149,3234,2
149,3235,2
150,3829,2
154,155,1
154,243,2
154,1485,1
154,2768,1
156,157,1
156,3251,2
156,3252,1
159,2896,2
161,5046,1
161,5047,1
163,2287,2
163,2457,1
163,3464,2
164,1700,2
164,1701,1
166,253,2
167,423,1
167,674,1
167,675,1
168,1975,2
168,2085,1
168,2086,1
170,2573,2
174,264,2
178,2074,2
178,3382,1
179,5226,2
180,64,1
182,181,1
183,1766,2
184,5432,2
185,329,2
185,4529,1
185,4530,1
185,4531,1
186,57,1
186,95,1
186,752,1
186,899,1
186,1458,1
186,1772,2
186,2275,1
187,3502,2
188,1767,2
192,201,2
193,3032,2
196,1883,1
196,2055,2
197,5449,2
198,2512,1
199,198,1
199,1715,1
200,10,1
200,199,1
200,2100,1
200,5336,2
200,5447,1
202,5775,1
203,133,1
203,3756,1
204,2092,1
204,4482,2
205,206,1
205,207,1
205,5790,2
208,209,1
208,211,1
209,83,1
209,5398,2
210,205,1
210,4776,1
210,5073,2
211,212,1
211,2763,1
211,2764,1
212,213,1
212,3068,2
212,3216,2
212,3591,1
212,3592,1
212,3593,1
213,159,1
213,3467,2
213,3468,1
214,282,1
214,2067,1
214,2188,1
214,3515,1
215,216,1
216,2,1
216,217,1
216,223,1
217,7,1
218,219,1
219,193,1
220,221,1
220,1873,1
221,222,1
222,195,1
222,3075,1
222,3076,1
223,140,1
223,4782,1
223,5633,1
224,215,1
224,218,1
224,220,1
224,1874,1
224,1875,1
224,5640,1
225,226,1
225,1087,1
225,1088,1
225,3231,2
225,3986,1
225,4671,1
225,4672,1
226,5226,1
227,228,1
228,187,1
228,1408,1
229,225,1
229,227,1
230,4,1
230,179,1
230,2166,1
231,232,1
231,5874,1
232,81,1
232,1755,1
233,231,1
233,351,1
235,236,1
235,237,1
235,909,1
236,120,1
237,238,1
237,587,1
237,832,1
239,2257,2
240,18,2
240,358,1
240,359,1
241,1769,1
241,1771,1
241,2574,1
241,3239,1
242,49,1
242,50,1
242,51,1
242,243,1
242,3370,1
242,4601,2
243,155,1
243,1485,1
243,2768,1
245,246,1
245,247,1
246,248,1
246,327,1
246,2098,2
247,250,1
247,2021,1
248,102,1
248,249,1
248,2426,1
248,3992,2
249,21,1
249,2070,1
249,4857,2
250,251,1
251,252,1
252,5,1
252,2341,1
254,255,1
254,256,1
254,2199,1
254,4517,1
256,183,1
256,184,1
256,3230,2
256,3256,2
256,3257,2
257,258,1
258,259,1
258,1738,1
259,182,1
260,261,1
261,254,1
261,741,1
262,257,1
262,260,1
263,3,1
263,132,1
263,271,1
263,368,1
263,2095,1
263,2096,1
263,3229,2
263,5110,1
265,650,1
265,1123,1
265,1742,1
265,2066,1
265,5590,1
266,267,1
267,268,1
267,269,1
268,145,1
268,3065,1
268,3921,2
269,148,1
270,152,1
271,150,1
271,3243,2
271,4991,1
272,263,1
272,3925,1
272,3927,1
272,4976,1
272,5176,2
274,275,1
274,279,1
275,214,1
275,276,1
275,645,1
275,4809,1
276,277,1
276,3991,1
277,278,1
277,4986,1
278,54,1
278,56,1
278,281,1
278,2081,1
278,5112,1
279,265,1
279,280,1
280,127,1
280,1973,1
280,3266,1
281,2526,1
281,3235,1
282,2661,2
282,3463,1
283,378,1
283,2098,1
283,4035,2
283,4064,1
283,4065,1
283,4066,1
283,4067,1
283,4068,1
283,4075,1
284,163,1
284,164,1
286,287,1
287,5811,2
289,290,1
289,291,1
290,288,1
291,292,1
291,453,1
293,3252,2
293,3265,2
294,295,1
294,300,1
294,1366,1
294,3506,1
294,3761,1
295,296,1
296,297,1
296,3223,1
296,3264,1
296,5816,1
297,298,1
297,4822,1
298,299,1
299,3265,2
300,301,1
300,1480,1
301,302,1
302,47,1
303,659,1
303,1182,2
303,1187,1
303,4323,2
303,4787,1
303,4788,1
303,4789,1
303,4790,1
304,305,1
306,307,1
306,308,1
309,266,1
309,272,1
309,5233,1
310,2575,2
310,4122,2
310,5360,1
310,5361,1
311,312,1
311,314,1
312,313,1
312,1124,1
312,1657,1
312,4821,1
312,4977,1
313,40,1
313,1967,1
314,315,1
314,2903,1
315,316,1
315,1962,1
315,1963,1
315,1969,1
315,2067,2
316,29,1
316,1968,1
316,5117,2
317,318,1
317,4842,1
318,319,1
319,320,1
319,3273,1
320,321,1
321,61,1
322,311,1
322,317,1
323,324,1
324,191,1
325,323,1
325,326,1
326,190,1
326,1852,2
327,328,1
327,3070,1
327,3481,2
327,5003,1
328,244,1
328,1714,1
329,4529,1
329,4530,1
329,4531,1
330,452,2
331,332,1
331,334,1
331,3481,1
332,333,1
332,365,1
332,5786,1
333,86,1
333,338,1
333,2437,1
333,5756,1
334,335,1
334,364,1
335,336,1
336,87,1
338,339,1
340,285,1
340,286,1
340,538,1
340,4148,2
340,5625,1
341,2071,2
341,4430,2
341,4431,1
341,4438,1
342,341,1
342,2072,1
343,342,1
343,3296,2
344,67,1
344,343,1
344,3489,1
345,2526,2
346,177,1
346,5726,1
351,352,1
351,4872,2
352,353,1
352,2421,1
352,3995,2
353,354,1
353,4846,2
354,230,1
354,1754,1
354,1757,1
354,3876,2
354,5873,1
355,356,1
355,357,1
355,4997,2
355,5043,1
356,161,1
357,143,1
357,5094,2
360,78,1
364,361,1
364,362,1
365,363,1
365,3258,2
365,5093,1
366,3020,1
367,785,2
369,23,1
369,1434,1
369,3484,1
369,5087,2
369,5829,1
370,345,1
371,346,1
371,350,1
371,366,1
371,370,1
372,349,1
373,371,1
373,372,1
373,1219,1
374,923,2
375,1202,1
378,186,1
378,469,1
378,2527,2
378,2780,1
378,2847,1
378,2924,1
378,3822,1
379,380,1
379,382,1
380,381,1
381,71,1
381,2506,1
381,3724,1
381,5030,1
381,5813,2
381,5814,2
382,383,1
383,384,1
383,395,1
383,1719,1
384,385,1
384,845,1
385,386,1
387,388,1
387,988,1
387,1477,1
387,3513,2
387,5812,1
388,763,2
388,847,1
390,82,1
390,391,1
390,1638,2
390,5105,1
391,392,1
392,393,1
393,394,1
396,397,1
396,402,1
397,398,1
397,399,1
398,137,1
399,400,1
402,403,1
403,404,1
404,727,1
405,406,1
406,176,1
406,407,1
406,408,1
406,409,1
406,410,1
406,3237,2
408,411,1
408,412,1
408,1598,1
408,3503,2
412,424,1
413,763,2
413,5492,1
413,5493,1
414,415,1
414,417,1
415,416,1
416,98,1
416,3217,1
416,5088,2
417,418,1
417,3638,1
417,3642,1
417,4898,1
418,9,1
418,419,1
418,446,1
419,420,1
419,445,1
419,5795,1
421,3637,1
425,178,1
425,426,1
426,427,1
427,454,2
428,53,1
428,2394,1
428,3804,1
429,101,1
429,2177,1
429,2316,1
429,3237,1
430,772,1
432,4160,2
432,4161,2
432,5347,1
433,434,1
434,435,1
435,436,1
436,437,1
437,450,1
438,439,1
439,41,1
439,4177,1
439,5780,2
440,433,1
440,441,1
441,442,1
442,443,1
443,444,1
444,438,1
445,2790,2
446,447,1
447,448,1
448,449,1
450,451,1
450,2993,1
451,432,1
451,452,1
451,5619,2
457,454,1
458,58,1
458,63,1
458,201,1
458,890,1
458,1966,1
459,4992,1
460,456,2
461,460,1
462,2790,2
462,4894,1
462,4895,1
462,4896,1
463,1022,1
464,2072,2
465,468,1
466,463,1
466,465,1
466,467,1
466,1478,1
467,117,1
468,462,1
468,4660,1
468,4661,1
468,4662,1
469,2107,1
469,2189,1
470,471,1
470,474,1
470,480,1
470,483,1
470,2117,1
470,2118,1
470,4707,2
470,5847,1
471,472,1
471,501,1
471,2377,1
471,2382,1
472,473,1
474,475,1
474,478,1
475,476,1
475,2101,2
476,477,1
476,5837,2
478,84,1
478,2384,1
479,5576,1
480,481,1
480,486,1
480,2110,1
480,2381,1
480,4884,1
481,482,1
481,2103,2
482,2387,1
482,2388,1
483,642,1
483,761,1
483,2423,1
483,2424,1
484,70,1
484,485,1
484,1711,1
484,1731,1
484,4527,2
484,5481,1
484,5482,1
485,4525,1
485,5483,1
486,2417,1
487,2347,1
487,3500,2
489,490,1
489,494,1
490,491,1
491,492,1
492,493,1
492,503,1
493,764,1
493,2137,1
494,495,1
495,496,1
496,77,1
496,2624,2
497,498,1
497,773,1
497,2015,1
497,5688,1
497,5689,1
498,499,1
499,27,1
499,165,1
499,2091,1
499,2165,1
499,2407,1
499,3467,1
499,3982,1
499,4988,2
500,507,1
500,508,1
500,509,1
501,28,1
501,31,1
501,32,1
501,33,1
501,518,1
501,3256,1
504,505,1
504,506,1
506,3482,1
507,452,2
507,2105,2
509,522,1
511,596,1
512,1825,1
512,2190,1
512,2220,1
516,517,1
518,124,1
518,147,1
518,149,1
518,5007,1
518,5230,1
518,5231,1
519,520,1
520,1364,2
522,523,1
523,524,1
523,4248,2
525,500,1
525,526,1
526,527,1
527,521,1
527,4990,2
528,833,2
529,113,1
529,530,1
529,532,1
529,3064,2
529,3113,2
529,3510,1
529,3511,1
530,45,1
530,2395,1
530,3255,2
530,5777,1
531,170,1
532,531,1
532,2423,2
532,3505,1
533,529,1
533,2373,1
535,536,1
535,537,1
535,3341,2
537,588,1
537,3756,2
539,540,1
539,541,1
540,340,1
541,542,1
542,543,1
543,544,1
545,112,1
545,3224,2
547,548,1
547,549,1
547,550,1
547,551,1
550,552,1
550,5339,1
550,5459,2
550,5867,1
552,553,1
554,555,1
554,560,1
554,565,1
554,4365,1
554,5806,1
555,556,1
556,558,1
558,557,1
558,559,1
559,65,1
560,561,1
561,562,1
561,2338,1
562,563,1
563,564,1
564,643,1
565,566,1
565,2246,1
566,567,1
567,649,1
568,5962,2
568,5963,1
569,570,1
569,571,1
570,19,1
571,572,1
571,573,1
575,576,1
575,5593,2
576,5361,2
577,5775,2
577,5863,1
578,579,1
579,580,1
579,1435,1
580,92,1
580,581,1
580,582,1
580,5821,2
581,584,1
582,583,1
584,585,1
586,683,1
586,864,1
586,1700,1
588,812,2
589,590,1
589,591,1
589,592,1
589,680,1
592,1748,1
592,1750,1
593,594,1
595,483,2
595,642,1
595,761,1
595,2423,1
595,2424,1
596,597,1
596,5070,2
598,599,1
599,605,1
600,603,1
600,605,2
600,849,1
601,602,1
601,740,2
604,1773,1
604,4267,2
605,603,1
605,849,1
606,44,1
606,5489,2
606,5511,1
607,2521,2
608,611,1
608,1002,1
609,607,1
609,623,1
610,110,1
610,622,1
611,612,1
611,613,1
611,2748,2
612,2242,1
613,1492,1
614,610,1
614,3066,1
615,608,1
615,3483,2
615,3498,2
616,615,1
616,5084,1
616,5774,1
617,616,1
617,624,1
617,637,1
617,1340,1
617,2043,1
618,614,1
619,618,1
619,5740,1
619,5741,1
619,5744,1
620,617,1
620,5742,1
621,619,1
621,620,1
622,609,1
622,5753,1
622,5754,1
622,5828,2
624,625,1
624,640,1
624,655,1
624,3466,1
624,5709,2
624,5758,1
625,626,1
625,629,1
625,630,1
625,636,1
625,2243,1
625,2572,1
625,2761,1
625,3970,2
625,5748,1
626,627,1
626,5736,1
626,5750,1
627,628,1
627,5093,2
627,5749,1
629,632,1
630,631,1
630,5745,1
632,633,1
632,634,1
632,2502,2
633,5755,1
636,635,1
636,1266,2
636,1491,1
636,2380,1
636,5792,1
638,639,1
638,1490,1
638,2510,1
638,2575,1
638,5743,1
639,3117,2
640,2241,1
640,3026,1
640,5004,1
642,486,2
642,2417,1
644,171,1
644,647,2
644,2082,1
645,646,1
645,2068,1
645,3267,1
646,647,1
647,171,1
647,2082,1
650,648,1
655,656,1
656,5759,1
657,685,1
660,661,1
660,667,1
660,1443,1
661,662,1
662,663,1
663,664,1
664,665,1
664,2077,1
664,5367,1
664,5368,1
665,666,1
665,678,1
665,5837,1
666,168,1
667,668,1
668,669,1
669,670,1
669,2517,2
670,671,1
670,2522,2
671,672,1
672,673,1
672,676,1
673,167,1
673,2084,1
673,5823,1
676,677,1
676,5815,1
677,4123,2
678,679,1
680,681,1
681,682,1
681,2196,2
681,2197,2
683,1702,1
684,66,1
685,5074,2
686,72,1
686,73,1
686,1597,1
686,3507,2
687,695,1
687,4880,1
688,689,1
689,690,1
690,691,1
691,692,1
692,693,1
692,700,1
692,1090,1
693,694,1
694,464,1
695,696,1
696,697,1
697,698,1
698,466,1
698,699,1
699,720,1
699,723,1
699,2922,1
699,5510,2
700,701,1
701,702,1
703,704,1
704,705,1
705,706,1
705,719,1
706,708,1
707,2342,1
707,3272,1
708,709,1
708,2767,2
710,687,1
710,711,1
710,4879,1
711,712,1
712,713,1
712,1570,1
713,703,1
713,714,1
714,715,1
715,716,1
716,717,1
717,684,1
717,718,1
720,721,1
721,812,1
723,724,1
723,725,1
723,5853,2
725,726,1
727,2028,1
727,2033,1
727,2071,1
728,729,1
728,732,1
728,2519,1
729,730,1
730,731,1
731,737,1
732,733,1
733,734,1
734,735,1
735,736,1
736,738,1
738,739,1
740,602,1
741,4587,2
741,4588,2
741,4589,2
742,743,1
742,746,1
742,6021,2
742,6040,2
743,745,1
743,1168,2
744,2744,1
744,3079,2
745,1254,2
747,748,1
749,751,1
752,3292,2
752,3530,1
752,3678,1
752,3894,1
752,4081,2
753,754,1
754,755,1
755,756,1
755,3468,2
755,3469,1
755,5092,1
756,757,1
759,760,1
759,5809,2
761,648,2
763,847,1
763,5492,1
763,5493,1
764,770,1
765,94,1
765,766,1
766,160,1
767,768,1
767,3201,1
767,3202,1
767,3203,1
768,3199,1
768,5164,2
769,770,2
769,838,1
771,2193,1
771,2221,1
771,2475,1
771,2774,2
772,834,1
773,774,1
773,2018,1
773,2019,1
773,2076,1
773,2101,1
773,2102,1
773,2103,1
773,3516,2
773,3517,1
774,777,1
774,5659,1
775,776,1
775,778,1
775,2090,1
775,5803,1
776,774,2
776,777,1
776,5659,1
777,2369,1
778,4986,2
779,785,2
780,781,1
780,784,1
781,782,1
781,783,1
783,847,2
787,74,1
787,786,1
787,2176,1
787,2971,1
787,2972,1
788,789,1
788,791,1
789,792,1
789,793,1
789,798,1
790,69,1
790,788,1
793,856,1
794,795,1
794,796,1
796,797,1
800,811,1
803,2093,2
803,4212,1
804,805,1
808,809,1
809,810,1
811,813,2
811,815,1
813,815,1
814,813,1
814,891,1
814,2959,1
815,4162,1
816,34,1
816,817,1
816,1735,1
816,1740,1
816,2459,2
816,5258,1
818,819,1
818,3214,1
818,3242,2
818,3465,1
818,4315,1
819,820,1
819,821,1
819,1741,1
819,2449,2
819,3213,1
819,4314,1
820,1972,1
821,822,1
821,3504,2
822,823,1
822,1974,1
822,2351,1
822,2352,1
824,894,1
824,2485,1
824,3271,1
825,833,2
825,2434,1
825,5307,1
826,827,1
826,830,1
826,3486,1
828,829,1
829,1915,1
831,2598,2
831,2599,1
831,5877,1
833,2434,1
833,5307,1
835,836,1
835,837,1
839,2516,2
839,3512,2
842,916,2
843,824,1
843,854,1
843,1605,1
843,1918,1
844,514,1
845,173,1
848,253,1
848,779,1
848,889,1
848,4576,1
850,654,1
850,851,1
850,852,1
853,850,1
854,823,2
857,2984,1
860,861,1
860,5334,1
861,862,1
862,863,1
865,866,1
865,867,1
867,868,1
867,3487,2
868,804,1
871,872,1
871,874,1
871,882,1
872,873,1
872,2973,1
873,235,1
873,4573,1
873,4574,1
874,875,1
874,2975,1
875,800,1
875,876,1
876,877,1
876,885,1
877,878,1
878,879,1
878,4213,1
878,4214,1
879,880,1
879,881,1
881,833,1
882,883,1
882,887,1
883,884,1
884,787,1
884,3155,1
884,3959,1
885,886,1
885,899,2
885,4081,1
886,103,1
886,4171,2
886,4172,1
886,4173,1
886,4174,1
886,4175,1
886,4176,1
887,888,1
887,4220,1
888,4219,2
890,926,1
894,895,1
896,1095,2
896,1104,1
896,1109,1
897,2608,1
898,2605,2
899,886,1
899,4081,1
900,901,1
900,903,1
901,902,1
901,915,1
901,2102,2
901,2187,2
901,2566,1
901,3302,1
902,907,1
903,904,1
904,905,1
904,906,1
906,908,1
906,2765,1
910,911,1
910,912,1
915,923,2
915,3234,1
917,2784,1
918,2802,1
918,2803,1
919,8,1
919,920,1
920,921,1
921,926,2
922,923,1
922,924,1
922,4981,1
923,3234,1
924,925,1
925,890,2
925,926,1
928,929,1
928,930,1
928,1084,1
929,931,1
929,1085,1
929,3502,1
930,226,2
931,4529,2
932,934,1
932,935,1
936,933,1
936,937,1
938,939,1
940,2655,1
940,3242,1
940,3573,1
940,5634,1
940,5635,1
941,942,1
941,952,1
942,943,1
943,944,1
944,945,1
945,946,1
946,947,1
947,948,1
948,949,1
949,950,1
949,1422,1
950,951,1
951,900,1
951,913,1
951,914,1
951,1656,1
952,953,1
953,954,1
954,955,1
955,956,1
955,963,1
956,957,1
957,958,1
957,5071,2
958,959,1
959,960,1
959,4632,1
960,961,1
961,962,1
962,910,1
963,4631,1
964,965,1
966,971,1
966,972,1
969,989,1
969,992,1
970,968,1
970,969,1
971,973,1
971,974,1
972,975,1
976,970,1
976,993,1
976,5181,2
977,978,1
977,979,1
979,980,1
979,981,1
979,982,1
979,985,1
979,986,1
979,1411,1
979,5789,1
981,988,2
982,983,1
983,984,1
983,987,1
987,838,2
990,991,1
993,994,1
994,990,1
995,996,1
995,5800,2
996,5969,1
997,2521,1
997,3969,2
998,999,1
998,1000,1
999,1001,1
999,1002,2
999,3464,1
999,3475,1
999,5113,1
1002,1001,1
1002,3464,1
1002,3475,1
1002,5113,1
1006,1035,1
1007,1008,1
1007,3500,1
1007,3518,2
1007,5796,1
1008,5910,2
1009,1010,1
1010,1011,1
1012,1013,1
1012,1015,1
1012,1016,1
1013,1014,1
1017,1022,2
1019,1020,1
1021,1017,1
1021,1019,1
1021,1023,1
1021,3476,2
1027,1028,1
1027,5146,1
1027,5147,1
1030,1031,1
1030,3470,1
1031,1029,1
1031,1033,1
1033,1184,1
1033,3313,1
1034,1033,2
1034,1184,1
1034,3313,1
1037,3540,1
1038,1039,1
1040,1041,1
1040,1043,1
1041,1042,1
1041,2352,2
1042,3971,2
1043,458,2
1043,1044,1
1043,2144,2
1045,1046,1
1046,1047,1
1047,1391,1
1049,1048,1
1049,1050,1
1051,1052,1
1051,1053,1
1051,2094,1
1053,1054,1
1055,1056,1
1055,1675,2
1055,4583,1
1057,1058,1
1057,1060,1
1057,1062,1
1057,4024,1
1058,1059,1
1058,3465,2
1060,3072,1
1062,2520,2
1062,3884,2
1063,1064,1
1066,1167,2
1066,1168,1
1066,1169,1
1067,1068,1
1068,1069,1
1070,1071,1
1071,1072,1
1074,1075,1
1074,1110,1
1075,5407,1
1076,1077,1
1077,2775,2
1078,4995,2
1079,1080,1
1079,1081,1
1079,1082,1
1081,928,1
1081,1083,1
1081,2285,1
1081,4253,2
1085,1086,1
1085,4530,2
1088,188,1
1088,189,1
1088,1089,1
1092,1093,1
1092,1094,2
1092,4161,1
1094,1093,1
1094,4161,1
1095,1104,1
1095,1109,1
1096,22,1
1096,1098,1
1096,1099,1
1096,1510,1
1100,1096,1
1100,1101,1
1100,5132,1
1101,1102,1
1102,1103,1
1102,1135,2
1103,1372,2
1106,1107,1
1106,1108,1
1106,4972,1
1108,203,1
1108,1382,1
1110,1111,1
1111,1112,1
1112,1113,1
1114,1115,1
1114,1116,1
1116,1117,1
1117,1118,1
1117,2099,1
1117,3365,1
1117,3574,2
1117,5169,1
1119,1120,1
1119,1180,1
1120,1181,1
1121,1122,1
1121,4642,1
1123,3455,1
1124,1125,1
1126,1128,1
1127,2082,2
1128,1127,1
1128,1129,1
1129,1130,1
1130,1131,1
1132,1125,2
1132,1133,1
1132,1134,1
1132,1135,1
1136,1098,2
1137,5048,1
1138,1139,1
1138,1140,1
1138,3757,1
1140,1132,1
1140,1136,1
1141,1142,1
1142,1143,1
1143,1144,1
1143,1370,1
1144,1091,1
1145,1146,1
1146,1147,1
1146,3760,1
1147,1967,2
1147,1968,2
1148,1149,1
1148,1151,1
1149,1138,1
1149,1150,1
1150,1137,1
1150,1141,1
1150,1145,1
1151,1152,1
1152,1153,1
1153,1154,1
1153,1155,1
1156,1178,1
1157,1158,1
1160,1161,1
1160,1163,1
1161,1162,1
1162,1170,1
1162,1172,1
1163,1173,1
1163,1174,1
1164,5000,1
1165,1167,2
1165,1171,1
1166,1167,1
1167,1168,1
1167,1169,1
1167,1171,1
1168,745,1
1170,1169,2
1174,2049,1
1174,2051,1
1174,2054,1
1175,1176,1
1175,1177,1
1176,1242,2
1176,1243,1
1176,1244,1
1176,3049,2
1178,1182,1
1179,1169,2
1180,1036,1
1181,3458,2
1182,1187,1
1185,1026,1
1186,2042,2
1188,1189,1
1188,3259,2
1191,1192,1
1193,3865,2
1194,17,1
1195,1196,1
1198,373,1
1198,1199,1
1198,4823,1
1199,1200,1
1200,1195,1
1200,1197,1
1200,1201,1
1202,1203,1
1207,1208,1
1207,5609,1
1208,1209,1
1208,1213,1
1209,1210,1
1210,1211,1
1211,2556,1
1212,3454,1
1212,5875,1
1213,1214,1
1213,1216,1
1214,1215,1
1214,4962,1
1214,5545,1
1214,5865,2
1215,1484,1
1216,1483,1
1217,1218,1
1219,1220,1
1220,1221,1
1223,1224,1
1224,1225,1
1225,1226,1
1225,1481,1
1226,1212,1
1226,1227,1
1227,2555,1
1229,1611,1
1230,1231,1
1234,1236,1
1234,1237,1
1236,1235,1
1237,11,1
1237,1233,1
1237,1606,1
1238,1239,1
1238,1413,1
1239,1240,1
1239,1241,1
1242,1243,1
1242,1244,1
1245,111,1
1245,1961,1
1247,1038,1
1247,1248,1
1249,1250,1
1249,1252,1
1249,1253,1
1250,1251,1
1251,1254,1
1255,1256,1
1255,1257,1
1256,3088,1
1257,1258,1
1258,1259,1
1259,1260,1
1260,1261,1
1260,1267,1
1260,2762,2
1261,1262,1
1262,1263,1
1263,1264,1
1263,1658,1
1263,2073,2
1263,3113,1
1264,1265,1
1264,1266,1
1264,2493,2
1266,635,1
1266,1491,1
1266,2380,1
1266,5792,1
1268,1269,1
1268,1279,1
1269,1270,1
1270,1271,1
1271,1272,1
1272,1273,1
1273,1274,1
1274,1275,1
1275,1276,1
1276,1277,1
1276,2517,1
1277,1278,1
1278,497,1
1279,1280,1
1280,1281,1
1281,1282,1
1282,1283,1
1283,1284,1
1283,1315,1
1284,1285,1
1284,1286,1
1284,1308,1
1286,1287,1
1286,1309,1
1286,1457,1
1286,2198,1
1287,1288,1
1287,1456,1
1288,1289,1
1289,1290,1
1290,1291,1
1290,1295,1
1290,1296,1
1290,1297,1
1290,1298,1
1290,1299,1
1290,1300,1
1290,1301,1
1290,3527,2
1290,3528,1
1290,5575,1
1291,1292,1
1291,1294,1
1291,1307,1
1291,2171,1
1292,1293,1
1292,2078,1
1300,1302,1
1300,1304,1
1300,1314,1
1300,2120,2
1301,1303,1
1301,2079,1
1301,3526,1
1301,3529,2
1303,1306,1
1303,1314,2
1304,1305,1
1304,4546,2
1305,1316,1
1305,1317,1
1306,3903,2
1307,823,2
1307,1095,2
1308,1449,1
1309,1310,1
1309,1311,1
1309,2397,1
1309,3479,1
1309,3605,2
1309,5773,1
1310,1312,1
1311,1313,1
1311,1486,2
1311,2829,2
1311,3480,1
1311,3527,1
1311,4579,2
1313,5958,2
1314,1306,1
1318,1393,1
1318,1544,1
1318,2804,2
1318,2805,1
1318,2806,1
1319,1320,1
1319,2946,1
1319,3715,1
1320,1321,1
1320,1322,1
1321,1702,2
1324,510,1
1325,1326,1
1326,3995,1
1327,1328,1
1329,1335,1
1331,1332,1
1331,1333,1
1332,1329,1
1333,1334,1
1333,5014,2
1336,1337,1
1336,1338,1
1336,3980,2
1337,3981,2
1337,3982,2
1339,1927,1
1339,2819,1
1340,1341,1
1340,5738,1
1340,5739,1
1341,1342,1
1342,1348,1
1343,1344,1
1343,1345,1
1343,1346,1
1343,1347,1
1346,1427,1
1347,3966,2
1349,964,1
1352,1353,1
1352,1356,1
1353,1354,1
1354,1355,1
1355,1186,1
1356,1357,1
1356,1358,1
1356,3268,2
1356,5551,1
1358,154,1
1358,5191,2
1359,1360,1
1361,3475,2
1362,1363,1
1362,1364,1
1363,1365,1
1366,1367,1
1366,5814,1
1367,1368,1
1367,3213,2
1367,5854,1
1368,1369,1
1368,5853,1
1371,1370,2
1373,3884,2
1373,3969,2
1374,1375,1
1374,1376,1
1375,3373,1
1375,5730,1
1377,1075,2
1377,1378,1
1377,1428,1
1377,4631,2
1377,5400,1
1377,5401,1
1377,5402,1
1377,5407,1
1378,1379,1
1378,1457,2
1379,1380,1
1379,1486,1
1379,5404,1
1379,5405,1
1380,1381,1
1381,1583,1
1381,5403,1
1383,274,1
1383,1384,1
1384,1385,1
1384,1386,1
1384,1387,1
1386,1388,1
1388,1389,1
1389,1390,1
1390,3215,2
1390,3263,2
1391,1392,1
1391,1476,1
1391,5019,1
1393,2803,2
1393,4372,1
1394,1005,1
1394,5791,1
1395,1396,1
1395,1397,1
1397,1399,1
1398,1397,2
1398,1399,1
1399,1400,1
1399,1401,2
1401,1400,1
1402,1395,1
1402,1403,1
1404,1405,1
1405,3462,2
1409,1410,1
1409,2525,2
1410,2526,2
1413,1414,1
1413,1494,1
1414,1415,1
1415,1416,1
1416,1417,1
1418,1419,1
1419,1420,1
1420,3912,1
1421,3517,2
1424,1425,1
1424,1426,1
1426,1346,2
1426,1427,1
1428,1590,1
1428,1591,1
1428,1592,1
1428,4370,1
1430,1431,1
1430,1432,1
1432,1433,1
1435,1436,1
1436,5776,2
1436,5826,2
1439,1440,1
1439,1442,1
1440,1441,1
1443,1444,1
1443,1452,1
1444,2518,2
1444,2522,1
1445,1446,1
1445,5401,2
1446,1447,1
1447,1653,1
1449,1618,1
1449,2415,1
1450,1451,1
1453,1454,1
1454,1324,1
1454,3509,2
1455,3971,2
1456,1619,1
1457,1379,1
1458,2638,1
1458,3520,1
1458,3521,1
1458,3522,1
1458,3523,1
1458,3524,1
1459,1460,1
1459,4999,2
1459,5245,2
1460,68,1
1460,139,1
1460,2095,2
1463,1464,1
1464,1465,1
1464,2523,1
1464,5179,2
1465,115,1
1465,2096,2
1466,1467,1
1467,1459,1
1467,1468,1
1467,4998,2
1469,1470,1
1473,5869,2
1476,387,1
1478,722,1
1478,5866,2
1479,1382,2
1480,2097,1
1480,5855,1
1481,1482,1
1485,2513,1
1485,3500,2
1485,3994,2
1486,3527,1
1487,1488,1
1487,1489,1
1487,3884,1
1488,3823,1
1488,3824,1
1489,4989,1
1490,2511,1
1490,5737,1
1491,5760,1
1492,1493,1
1494,1495,1
1496,1497,1
1497,1498,1
1498,1499,1
1499,1500,1
1500,1501,1
1501,2249,1
1501,4586,2
1501,4589,1
1502,3121,1
1502,5319,1
1503,1504,1
1504,1505,1
1505,1506,1
1506,1507,1
1507,1508,1
1507,3508,2
1508,1509,1
1509,686,1
1511,1512,1
1511,1533,1
1512,1513,1
1513,1514,1
1514,1515,1
1515,1516,1
1516,1517,1
1517,379,1
1518,1519,1
1519,1520,1
1520,1521,1
1521,1522,1
1522,1523,1
1522,4687,1
1523,1524,1
1524,1525,1
1525,1526,1
1526,1528,1
1527,4451,2
1528,1529,1
1528,1530,1
1528,1531,1
1528,1532,1
1528,2957,2
1528,3503,1
1533,1534,1
1534,1535,1
1535,1536,1
1536,1537,1
1539,1540,1
1539,5613,1
1540,1541,1
1541,1542,1
1541,1543,1
1545,3209,1
1546,1503,1
1546,1547,1
1547,1548,1
1548,1549,1
1548,1551,1
1548,1688,1
1549,1550,1
1549,2900,1
1550,1686,1
1551,1552,1
1551,1553,1
1553,1554,1
1553,1555,1
1554,3582,1
1556,1557,1
1556,1562,1
1557,1558,1
1558,1559,1
1560,1561,1
1562,1563,1
1563,1564,1
1564,1565,1
1564,1568,1
1565,2500,1
1570,1571,1
1571,1572,1
1571,5912,1
1572,1573,1
1573,1574,1
1575,3267,2
1576,1577,1
1577,839,1
1578,977,1
1578,1579,1
1579,1580,1
1580,1581,1
1584,1585,1
1584,1586,1
1585,1392,2
1586,3266,2
1587,1588,1
1587,1589,1
1587,4371,2
1588,1593,1
1588,1594,1
1588,1595,1
1588,1596,1
1588,4424,2
1589,1428,2
1589,1590,1
1589,1591,1
1589,1592,1
1589,4370,1
1590,1695,1
1591,3895,1
1591,4579,1
1591,4586,1
1599,1600,1
1601,1602,1
1601,1603,1
1601,1604,1
1604,889,2
1604,5362,2
1607,1608,1
1609,1610,1
1611,2697,1
1611,4334,1
1611,4359,2
1612,1613,1
1612,1617,1
1613,1614,1
1614,1615,1
1615,1616,1
1616,1631,1
1617,1449,2
1617,1618,1
1617,2415,1
1618,1456,2
1618,1619,1
1619,1620,1
1619,4559,1
1620,1621,1
1621,1699,1
1624,1625,1
1625,1626,1
1626,1627,1
1627,1628,1
1627,4424,1
1628,1629,1
1628,1630,1
1629,1698,1
1630,3978,1
1631,1639,1
1631,4561,2
1633,1634,1
1633,1637,1
1633,1638,1
1634,1635,1
1636,196,1
1637,4690,1
1637,4691,1
1637,4692,1
1638,82,1
1638,391,1
1638,5105,1
1640,1641,1
1640,1643,1
1641,1642,1
1642,331,1
1643,4604,2
1644,1645,1
1644,1646,1
1646,294,1
1646,1647,1
1646,4826,1
1647,1648,1
1648,3227,2
1649,1650,1
1650,1651,1
1650,1652,1
1651,1946,1
1651,1956,1
1651,3496,1
1651,4496,2
1651,5090,1
1652,3232,1
1652,3233,1
1653,1448,1
1653,1654,1
1654,1655,1
1655,657,1
1656,3233,2
1657,5805,2
1658,1659,1
1659,1662,1
1660,1661,1
1662,1663,1
1665,1666,1
1665,3253,2
1667,1668,1
1667,1669,1
1668,3587,1
1669,1670,1
1670,1671,1
1671,1672,1
1672,3590,1
1672,4356,2
1673,1674,1
1673,1675,1
1675,1056,1
1675,4583,1
1676,1677,1
1676,1679,1
1677,1678,1
1678,2399,1
1679,1680,1
1680,1681,1
1681,1682,1
1682,1683,1
1683,1684,1
1683,1685,1
1686,1453,1
1686,1687,1
1688,1689,1
1691,1692,1
1691,4023,1
1693,1694,1
1693,3265,1
1695,4564,2
1696,1697,1
1698,1934,1
1698,1980,1
1698,2106,1
1698,2275,2
1700,1701,1
1701,1708,1
1703,1704,1
1703,1706,1
1704,1705,1
1705,1707,1
1706,513,1
1707,1701,2
1707,1708,1
1709,1729,1
1711,1732,1
1711,2770,2
1712,658,1
1717,1718,1
1717,3325,1
1717,3584,1
1720,4642,2
1724,1764,1
1724,1765,1
1727,1812,1
1727,3023,1
1730,1735,2
1731,4519,1
1731,4520,1
1731,4521,1
1731,4522,1
1731,4523,1
1731,4524,1
1733,4526,1
1733,4704,2
1734,2469,2
1734,4526,2
1735,3490,1
1736,1737,1
1736,2279,1
1738,1739,1
1738,2486,1
1739,1726,1
1740,2265,1
1741,1743,1
1741,3513,1
1742,1741,2
1742,1743,1
1742,3513,1
1743,771,1
1743,1752,1
1743,1766,1
1743,1767,1
1744,771,1
1744,1743,2
1744,1752,1
1744,1766,1
1744,1767,1
1746,1957,1
1746,1958,1
1748,1751,1
1748,1752,2
1749,592,2
1749,1748,1
1749,1750,1
1750,1723,1
1752,1751,1
1754,2164,1
1754,3470,2
1755,1756,1
1756,1720,1
1756,2335,1
1756,2336,1
1756,2337,1
1761,2553,2
1762,1763,1
1763,162,1
1763,1764,2
1764,162,1
1768,3122,1
1769,2552,1
1769,2553,1
1769,2575,2
1770,130,1
1770,2571,2
1770,2572,2
1770,2614,1
1772,57,1
1772,95,1
1772,752,1
1772,899,1
1772,1458,1
1772,2275,1
1773,1774,1
1774,1322,2
1775,1710,2
1778,123,1
1778,1777,1
1781,1782,1
1782,1779,1
1782,1780,1
1782,1783,1
1783,1778,1
1784,1781,1
1784,1785,1
1784,3786,1
1785,1786,1
1786,1787,1
1787,1788,1
1788,1776,1
1788,1789,1
1790,1784,1
1792,1793,1
1794,1797,1
1794,1798,1
1796,1794,1
1796,1795,1
1798,1799,1
1802,1803,1
1805,1802,1
1805,2262,1
1808,1807,1
1808,1810,1
1808,2295,1
1809,1806,1
1809,1808,1
1809,2296,1
1813,844,1
1814,1815,1
1814,1819,1
1815,1816,1
1815,1824,1
1815,1849,1
1815,2104,1
1815,3488,1
1816,1817,1
1816,4701,1
1817,1818,1
1817,2493,1
1818,1823,1
1818,1847,1
1818,3257,1
1819,1820,1
1820,1821,1
1821,1822,1
1821,4588,2
1822,1853,1
1822,2484,1
1822,4528,1
1825,1826,1
1827,1828,1
1827,1852,1
1827,2197,1
1829,799,1
1830,1829,1
1830,1831,1
1832,1833,1
1832,1840,1
1833,1834,1
1834,1835,1
1835,1836,1
1835,5557,1
1836,1837,1
1837,1838,1
1838,1839,1
1839,1843,1
1840,1841,1
1844,2468,2
1847,1848,1
1847,2487,1
1849,3504,1
1849,4496,2
1850,5359,2
1852,190,1
1853,1846,1
1854,1846,1
1854,1853,2
1855,1622,1
1855,1623,1
1855,1624,1
1856,5879,1
1857,1858,1
1857,1859,1
1860,142,1
1860,1861,1
1860,1891,1
1860,3246,2
1862,1863,1
1862,1864,1
1862,1876,1
1862,2201,2
1862,2634,1
1862,2660,1
1862,2661,1
1862,2662,1
1863,174,1
1863,2044,1
1863,3147,2
1864,5824,1
1865,1866,1
1867,1868,1
1868,4987,2
1868,5362,1
1868,5363,1
1868,5364,1
1868,5365,1
1869,3987,1
1870,76,1
1870,1869,1
1870,1871,1
1870,2508,1
1872,1722,1
1877,1878,1
1877,1882,1
1878,5648,2
1879,1880,1
1880,1881,1
1882,1879,1
1884,1885,1
1884,1886,1
1884,1887,1
1885,1890,1
1887,1872,1
1887,1888,1
1891,1892,1
1891,1893,1
1891,1895,1
1891,2118,2
1891,3483,1
1896,1897,1
1896,1901,1
1897,1898,1
1897,1902,1
1897,2073,1
1898,1899,1
1899,1900,1
1900,3909,2
1903,1904,1
1904,1905,1
1904,1906,1
1907,1908,1
1909,1911,1
1909,1912,1
1910,1913,1
1910,1914,1
1912,2169,1
1915,1916,1
1915,5820,2
1916,1917,1
1916,3933,1
1919,1920,1
1919,1926,1
1919,3246,1
1919,4321,1
1920,1921,1
1920,1922,1
1920,1923,1
1920,3977,2
1922,2945,2
1922,3240,1
1922,3247,1
1923,1924,1
1923,1925,1
1923,3241,1
1928,1929,1
1929,1930,1
1930,1931,1
1931,1932,1
1931,3040,1
1931,3041,1
1933,3932,1
1934,1935,1
1934,1936,1
1934,4308,2
1935,1,1
1935,6,1
1935,105,1
1935,106,1
1935,1073,1
1936,106,2
1936,2022,1
1936,4310,2
1937,1938,1
1937,1940,1
1937,1990,1
1938,1939,1
1939,814,1
1940,1941,1
1941,2791,1
1942,1945,1
1943,1947,1
1943,1949,1
1943,1950,1
1943,3501,1
1944,1942,1
1944,1943,1
1944,1951,1
1945,241,1
1945,1948,1
1946,1943,2
1946,1947,1
1946,1949,1
1946,1950,1
1946,3501,1
1947,1945,2
1947,1948,1
1949,55,1
1951,1952,1
1952,146,1
1952,1953,1
1954,1955,1
1954,2892,1
1955,2939,1
1956,3504,2
1958,1959,1
1958,2012,2
1961,2776,2
1963,1964,1
1963,1965,1
1969,1970,1
1970,2042,2
1971,3013,2
1973,1972,2
1973,1974,2
1974,293,1
1974,1975,1
1975,2085,1
1975,2086,1
1976,1977,1
1976,1978,1
1976,1979,1
1977,1856,1
1977,1857,1
1977,2083,1
1978,3439,1
1980,1981,1
1980,4303,1
1980,4304,1
1980,4305,1
1980,5771,2
1982,1985,1
1982,2090,2
1983,1984,1
1983,2089,1
1983,2945,1
1983,2951,2
1983,3036,1
1984,1982,1
1984,1989,1
1984,2959,2
1985,1986,1
1985,1987,1
1985,2091,2
1987,1988,1
1987,2092,2
1987,2943,1
1987,2944,1
1987,3109,1
1990,1991,1
1991,1992,1
1992,1993,1
1994,2524,1
1995,1996,1
1996,1997,1
1998,1999,1
1998,2000,1
1998,3974,1
1999,2002,1
1999,2300,1
1999,2515,2
2000,2001,1
2001,2041,1
2002,2003,1
2002,3269,2
2003,3250,1
2003,3251,1
2003,5777,2
2004,2005,1
2004,2006,1
2005,2007,1
2007,762,1
2008,2011,2
2009,2010,1
2009,2011,1
2009,2012,1
2012,1959,1
2013,5798,2
2014,1744,1
2014,2454,2
2015,2016,1
2016,3519,2
2016,5111,1
2016,5875,2
2016,5876,1
2018,2017,1
2019,3290,2
2020,2763,2
2020,2848,1
2021,1994,1
2022,303,1
2022,2730,2
2022,4249,1
2024,2025,1
2024,2890,1
2025,2026,1
2026,2027,1
2026,2034,1
2026,2055,1
2026,4973,1
2026,5827,2
2026,5828,1
2026,5829,2
2026,5839,1
2026,5864,1
2027,79,1
2027,4857,2
2028,2029,1
2028,5872,1
2031,2032,1
2034,2035,1
2035,2036,1
2035,5339,2
2036,5863,2
2037,2038,1
2038,2039,1
2038,3416,1
2039,2040,1
2039,3289,2
2039,5809,2
2041,1712,1
2041,2042,1
2041,3990,1
2041,5850,1
2043,1032,1
2044,2045,1
2044,2046,1
2045,2048,2
2045,2659,1
2047,2048,1
2047,2054,2
2048,2659,1
2049,2050,1
2051,2052,1
2051,2053,1
2052,1184,2
2054,2048,1
2056,2210,1
2056,2211,1
2056,5335,1
2057,2058,1
2057,2213,1
2058,2059,1
2059,2060,1
2060,2061,1
2061,2062,1
2062,2056,1
2063,1850,1
2063,2064,1
2064,2065,1
2064,3276,1
2065,2217,1
2065,2226,1
2066,2186,1
2066,2187,1
2067,1962,1
2067,1963,1
2067,1969,1
2068,2069,1
2068,2662,2
2069,1134,2
2069,2070,2
2073,1264,1
2073,1658,1
2073,3113,1
2074,3382,1
2075,2167,1
2077,2635,1
2079,2122,1
2079,2123,1
2079,2124,1
2081,3768,1
2081,3769,1
2081,5585,1
2084,2884,1
2088,135,1
2088,2087,1
2088,5644,1
2089,3282,1
2089,3283,1
2089,3285,1
2089,3287,1
2089,3288,1
2091,1986,1
2091,1987,1
2092,1988,1
2092,2943,1
2092,2944,1
2092,3109,1
2093,1474,1
2093,1475,1
2093,4212,1
2095,68,1
2095,139,1
2096,115,1
2097,3140,1
2097,3143,1
2097,5355,1
2098,248,1
2098,327,1
2099,3578,1
2100,3042,1
2101,476,1
2102,902,1
2102,3302,1
2103,482,1
2104,2113,1
2104,2514,1
2104,4605,1
2104,4979,1
2105,2558,1
2105,2562,1
2106,12,1
2106,918,1
2106,1318,1
2106,2963,1
2106,4335,1
2106,4336,1
2106,4337,1
2106,4338,1
2106,4536,1
2108,2109,1
2108,3453,2
2109,3206,1
2111,470,1
2111,2112,1
2111,2116,1
2112,2104,2
2112,2113,1
2112,2514,1
2112,4605,1
2112,4979,1
2113,2114,1
2113,5013,2
2113,5095,1
2113,5818,2
2113,5821,1
2113,5827,1
2114,2115,1
2116,4028,1
2117,4005,1
2118,1892,1
2118,1893,1
2118,1895,1
2118,3483,1
2119,2120,1
2119,2371,1
2119,2405,1
2119,2406,1
2120,1302,1
2120,1304,1
2120,1314,1
2121,2079,2
2121,2122,1
2121,2123,1
2121,2124,1
2122,1753,2
2129,2126,1
2129,2128,1
2130,2131,1
2130,2132,1
2130,2436,1
2130,4808,1
2131,2129,1
2131,4807,1
2132,114,1
2132,2125,1
2132,2133,1
2132,2134,1
2133,1716,1
2133,2127,1
2133,2135,1
2134,5645,2
2135,2136,1
2137,5086,1
2138,52,1
2138,2139,1
2139,2840,1
2140,2141,1
2142,2603,1
2143,38,1
2143,2144,1
2143,2299,1
2143,2525,1
2144,1044,1
2145,2147,1
2147,2148,1
2148,2149,1
2148,5195,1
2149,2150,1
2151,2145,1
2151,2152,1
2151,2153,1
2152,2146,1
2154,2163,1
2155,360,1
2155,2156,1
2155,2157,1
2155,2776,1
2157,2158,1
2158,2159,1
2159,2160,1
2159,2161,1
2159,2162,1
2164,2154,1
2164,3245,1
2165,330,1
2165,2722,1
2165,2723,1
2167,1912,2
2167,2169,1
2167,2498,1
2167,5637,1
2168,3068,2
2169,2170,1
2169,5916,1
2169,5917,1
2170,5365,2
2171,4126,1
2172,2349,1
2173,2174,1
2173,2175,1
2177,2178,1
2178,2179,1
2180,2698,1
2180,3208,1
2181,2180,1
2182,2183,1
2182,2184,1
2182,3259,1
2183,545,1
2183,2185,1
2183,3225,2
2183,3498,1
2185,2186,2
2185,2720,1
2186,2720,1
2187,915,1
2187,2566,1
2189,75,1
2189,85,1
2189,841,1
2189,3205,1
2189,3751,1
2191,2192,1
2192,2193,2
2194,2191,1
2194,2195,1
2194,2199,2
2195,2196,1
2195,5072,2
2197,682,1
2199,2191,1
2200,2201,1
2200,2202,1
2201,1863,1
2201,1864,1
2201,2634,1
2201,2660,1
2201,2661,1
2201,2662,1
2202,2203,1
2204,2200,1
2204,2206,2
2205,2206,1
2205,2207,2
2205,5171,2
2205,5172,1
2205,5173,1
2206,2200,1
2206,2451,1
2207,2206,1
2208,2207,1
2208,2209,1
2208,4493,2
2211,2212,1
2211,4084,2
2212,2963,2
2214,2215,1
2215,2063,1
2215,2216,1
2218,2219,1
2219,2226,2
2219,2258,1
2221,2222,1
2223,2224,1
2223,2225,1
2224,2078,2
2226,2258,1
2227,2229,1
2228,2237,1
2229,2230,1
2231,2232,1
2231,2235,1
2231,3507,1
2232,2233,1
2232,2234,1
2235,2236,1
2235,2257,1
2237,2238,1
2237,2239,1
2243,3027,1
2243,5747,1
2244,2245,1
2246,2247,1
2247,2248,1
2247,2915,1
2247,5761,1
2248,3413,2
2249,2250,1
2249,2251,1
2249,2252,1
2249,2253,1
2249,2256,1
2249,2759,1
2250,1296,2
2250,2254,1
2250,2255,1
2250,2758,1
2251,2078,2
2255,2760,1
2258,185,1
2258,5432,2
2259,1805,1
2259,2260,1
2260,1801,1
2260,2261,1
2260,2265,2
2262,2263,1
2263,1804,1
2263,2264,1
2265,1801,1
2265,2261,1
2266,2467,2
2267,2268,1
2267,2269,1
2267,2272,1
2268,325,1
2269,2270,1
2270,4502,2
2272,2273,1
2274,2094,2
2275,1934,1
2275,1980,1
2275,2106,1
2276,2277,1
2276,2278,2
2277,3488,2
2277,4497,2
2277,4533,1
2282,2283,1
2282,2284,1
2282,5125,1
2284,3236,1
2285,2286,1
2286,2287,1
2289,2290,1
2289,2294,1
2290,2291,1
2290,2292,1
2290,2293,1
2295,2298,1
2297,1809,1
2299,4991,2
2299,5710,1
2300,3493,2
2300,4916,1
2302,429,1
2302,2303,1
2302,2304,1
2305,2306,1
2306,2315,1
2309,2310,1
2310,2311,1
2311,2312,1
2312,2313,1
2313,2314,1
2314,2389,1
2315,2302,1
2317,2318,1
2317,2319,1
2317,3972,2
2319,2321,1
2320,2319,2
2320,2321,1
2322,818,1
2322,2518,1
2322,4279,1
2323,2324,1
2323,2326,1
2324,2325,1
2325,2331,1
2325,4874,1
2326,2327,1
2327,2328,1
2327,2329,1
2327,2330,1
2331,744,1
2331,2329,2
2331,3519,2
2332,2333,1
2333,2334,1
2334,775,1
2334,3216,1
2338,2339,1
2339,2340,1
2341,3828,2
2342,5845,2
2343,2344,1
2344,2345,1
2345,2346,1
2350,1772,1
2350,2198,2
2350,2444,1
2350,3997,2
2350,4058,2
2351,2958,2
2351,3971,2
2352,1042,1
2353,2354,1
2353,2361,1
2354,2355,1
2354,5071,1
2355,2356,1
2356,2357,1
2356,5372,1
2357,2358,1
2358,2359,1
2359,2360,1
2360,43,1
2361,2362,1
2362,2363,1
2363,2364,1
2363,2366,1
2364,2365,1
2365,125,1
2365,5449,1
2367,759,1
2367,2368,1
2368,3428,1
2370,2369,2
2372,4021,1
2372,4022,1
2373,2374,1
2374,2396,1
2374,2493,2
2374,3210,1
2375,3265,2
2376,3383,2
2377,2378,1
2377,2379,1
2377,3247,2
2378,376,1
2378,377,1
2382,2383,1
2382,2422,2
2384,2385,1
2384,5033,1
2384,5034,1
2384,5823,2
2385,2386,1
2387,2386,2
2389,2390,1
2389,3945,1
2390,2391,1
2391,2392,1
2392,2393,1
2394,2308,1
2396,3104,1
2396,3207,1
2397,2398,1
2398,3521,2
2398,3525,1
2398,3529,1
2399,2400,1
2399,2403,1
2400,2401,1
2401,2402,1
2403,2404,1
2404,2119,1
2408,2409,1
2409,2410,1
2410,2411,1
2410,2515,1
2410,5818,1
2411,2412,1
2411,2520,1
2411,5830,1
2412,108,1
2412,2413,1
2412,2414,1
2412,5825,2
2412,5826,1
2414,421,1
2415,2416,1
2416,2847,2
2417,2418,1
2417,2419,1
2417,5815,2
2418,4312,1
2418,5658,2
2418,5659,2
2419,4438,2
2419,5849,2
2423,531,1
2423,3505,1
2424,3579,1
2424,3581,1
2425,3478,2
2425,4593,1
2425,4594,1
2425,4595,1
2426,3490,2
2427,2428,1
2427,2431,1
2428,2429,1
2429,2430,1
2429,3585,1
2430,1717,1
2431,2432,1
2431,3970,1
2431,5595,2
2432,2395,2
2433,3113,2
2434,2435,1
2434,4325,1
2438,2439,1
2438,2441,1
2439,2440,1
2439,5828,2
2441,2442,1
2442,2443,1
2444,2924,2
2445,13,1
2445,2446,1
2445,2447,1
2449,1741,1
2449,2923,1
2450,2206,2
2450,2451,1
2451,2452,1
2451,2453,1
2451,2454,1
2451,2455,1
2451,2818,2
2451,4502,1
2451,4588,1
2451,5169,2
2453,284,1
2453,2456,1
2453,2923,2
2454,1744,1
2455,2492,1
2458,2459,1
2458,2460,1
2459,34,1
2459,817,1
2459,1735,1
2459,1740,1
2459,5258,1
2460,2461,1
2461,2769,1
2461,2770,1
2462,3986,2
2463,2464,1
2464,2465,1
2464,2484,2
2465,2466,1
2465,2467,1
2465,2468,1
2465,2469,1
2465,2481,2
2466,1701,2
2470,2471,1
2471,2472,1
2473,2474,1
2475,5592,1
2476,3227,2
2477,2478,1
2478,3230,1
2478,4535,2
2479,2480,1
2481,2466,1
2481,2467,1
2481,2468,1
2481,2469,1
2482,2483,1
2484,2465,1
2486,4518,1
2488,2489,1
2489,2490,1
2490,2491,1
2491,2455,2
2491,2492,1
2492,1800,1
2493,1265,1
2493,1266,1
2494,2495,1
2494,2554,1
2496,5804,2
2497,2494,1
2497,2496,1
2498,2499,1
2500,600,1
2501,2502,1
2502,633,1
2502,634,1
2503,5803,2
2503,5804,1
2504,2343,1
2504,2505,1
2506,2507,1
2513,1471,1
2513,1472,1
2514,2816,1
2515,2002,1
2515,2300,1
2517,670,1
2518,2522,1
2519,3812,1
2525,1410,1
2527,186,1
2527,469,1
2527,2780,1
2527,2847,1
2527,2924,1
2527,3822,1
2528,2529,1
2529,2530,1
2529,3071,1
2530,2531,1
2531,2532,1
2531,2533,1
2531,3114,1
2531,3217,2
2531,5438,1
2532,4200,2
2533,5439,1
2534,2535,1
2534,2538,1
2535,2536,1
2536,2537,1
2537,3427,1
2538,2576,1
2539,2540,1
2539,2541,1
2539,2542,1
2541,2543,1
2543,2544,1
2545,2899,1
2545,3264,2
2546,2579,1
2546,3232,2
2546,3236,2
2546,5510,1
2547,2777,1
2548,2549,1
2548,2567,1
2549,2550,1
2550,2551,1
2551,1770,1
2552,2554,2
2556,2081,2
2556,5585,1
2557,2105,2
2557,2558,1
2557,2562,1
2559,2560,1
2559,2561,1
2559,2771,2
2563,2557,1
2563,2559,1
2564,2565,1
2564,2711,1
2564,2712,1
2564,2713,1
2566,2740,1
2567,2568,1
2568,2569,1
2569,2570,1
2569,3261,1
2570,1768,1
2570,3073,2
2570,3074,1
2571,2614,1
2572,130,1
2575,2552,1
2575,2553,1
2575,5360,1
2575,5361,1
2576,2539,2
2576,2540,1
2576,2541,1
2576,2542,1
2578,2523,2
2578,2751,1
2578,2752,1
2578,3269,1
2578,4020,2
2578,5907,1
2579,2580,1
2579,3258,1
2579,5127,2
2580,156,1
2580,3254,1
2580,4694,2
2584,2582,1
2584,2583,1
2584,2600,1
2585,2140,1
2586,2587,1
2588,2590,1
2589,2593,1
2590,2591,1
2590,2592,1
2590,3929,2
2590,3976,1
2591,2596,1
2591,2876,1
2593,2594,1
2593,2595,1
2593,2877,1
2593,2882,1
2593,2883,1
2593,3219,1
2597,3405,2
2598,2599,1
2598,5877,1
2599,2179,2
2601,5797,2
2602,2601,1
2607,2609,1
2608,2604,1
2608,2606,1
2609,897,1
2610,2611,1
2611,2612,1
2612,2613,1
2613,831,1
2615,3444,1
2617,2616,1
2618,2620,1
2618,2621,1
2618,3123,1
2618,3124,1
2620,2137,2
2620,5086,1
2621,2622,1
2621,5868,2
2622,2628,2
2623,2618,1
2623,2624,1
2623,3466,2
2624,77,1
2625,2627,1
2625,5736,2
2626,2625,1
2629,2630,1
2629,2663,1
2630,2643,1
2631,2632,1
2632,2633,1
2632,5086,2
2636,2077,2
2636,2635,1
2636,2641,1
2636,2995,1
2637,1458,2
2637,2638,1
2637,3520,1
2637,3521,1
2637,3522,1
2637,3523,1
2637,3524,1
2640,1892,2
2640,2654,1
2640,3033,2
2641,2642,1
2643,2644,1
2643,2645,1
2643,5563,1
2645,2646,1
2645,3212,2
2646,2647,1
2647,2648,1
2647,2649,1
2647,2650,1
2649,2651,1
2649,2652,1
2649,3240,2
2650,546,1
2650,2653,1
2654,2670,1
2657,2577,1
2658,1664,1
2658,2042,2
2662,2069,1
2663,2664,1
2664,2665,1
2665,2666,1
2666,2636,1
2666,2640,1
2666,2667,1
2666,2671,1
2667,2668,1
2667,4973,2
2667,4974,1
2667,5801,1
2668,2669,1
2671,2672,1
2673,2083,2
2674,2673,1
2674,2675,1
2676,2677,1
2676,2683,1
2677,2678,1
2677,2681,1
2677,2907,2
2677,3221,2
2677,3222,1
2678,2679,1
2678,2849,1
2678,2850,1
2678,2851,1
2678,2852,1
2679,2680,1
2679,2842,1
2680,2844,1
2681,2682,1
2682,2766,1
2683,2684,1
2683,3029,1
2684,2685,1
2685,2686,1
2685,2783,1
2686,2687,1
2687,2688,1
2687,3016,1
2687,3017,1
2687,3067,1
2689,2690,1
2689,2691,1
2689,3534,1
2690,2693,1
2690,2694,1
2690,2696,1
2690,3535,1
2692,2695,1
2692,3485,1
2696,3390,1
2697,4326,1
2697,4327,1
2697,4330,1
2697,4331,1
2697,4332,1
2697,4333,1
2698,2699,1
2698,3103,1
2698,5825,1
2699,2396,2
2699,2423,2
2699,3104,1
2699,3207,1
2699,3837,2
2700,2701,1
2700,3274,1
2701,3275,1
2702,2703,1
2703,2704,1
2705,2706,1
2705,2708,1
2706,2707,1
2706,5567,1
2708,2709,1
2708,3536,1
2709,2564,1
2709,2710,1
2713,2714,1
2715,2717,1
2717,2718,1
2717,5679,2
2718,2719,1
2719,3516,2
2720,3497,1
2720,4073,1
2721,330,1
2721,2165,2
2721,2722,1
2721,2723,1
2723,2724,1
2723,2727,2
2724,2760,2
2725,2726,1
2725,2727,1
2726,234,1
2727,2724,1
2728,2725,1
2728,2729,1
2729,2730,1
2730,303,1
2730,4249,1
2731,2735,1
2732,455,1
2735,1067,1
2738,2736,1
2738,2739,1
2738,2741,1
2739,2566,2
2739,2740,1
2741,2737,1
2745,4161,2
2746,97,1
2746,2747,1
2746,2751,2
2746,3460,1
2746,3509,1
2747,2748,1
2747,5000,2
2748,612,1
2748,613,1
2749,2746,1
2749,2886,1
2750,3301,1
2750,3304,2
2751,97,1
2751,2747,1
2751,3460,1
2751,3509,1
2752,2753,1
2752,2754,1
2752,5781,2
2753,3499,1
2753,5846,1
2754,5909,1
2756,3105,1
2756,3218,1
2756,3273,2
2756,5010,1
2757,4067,1
2757,4068,1
2757,4075,1
2759,785,1
2762,1261,1
2762,1267,1
2765,3320,1
2765,3383,1
2767,709,1
2768,3834,1
2769,1733,1
2771,2560,1
2772,2774,1
2773,2772,2
2773,2774,1
2773,2779,1
2774,2221,1
2774,2475,1
2778,2773,1
2782,2775,2
2785,2786,1
2786,2787,1
2786,2788,1
2788,2414,2
2788,2789,1
2789,2790,1
2789,3756,2
2791,3487,1
2795,2546,1
2795,2885,1
2795,3226,2
2795,3227,1
2795,3260,1
2796,2797,1
2796,2799,1
2796,3274,2
2796,4169,1
2797,2798,1
2797,3275,2
2799,2800,1
2799,2801,1
2799,2804,1
2801,918,2
2801,2802,1
2801,2803,1
2803,4372,1
2804,1393,1
2804,1544,1
2804,2805,1
2804,2806,1
2806,4558,1
2807,2823,1
2808,2825,1
2809,2810,1
2809,4189,1
2809,5171,1
2810,2811,1
2810,4190,1
2811,2812,1
2812,2813,1
2813,586,1
2813,2814,1
2814,3986,2
2815,801,1
2815,2925,1
2817,2818,1
2818,2453,1
2818,2454,1
2818,2455,1
2818,4502,1
2818,4588,1
2819,3243,1
2819,3244,1
2820,2821,1
2821,2782,1
2823,3135,1
2825,2809,1
2825,2826,1
2825,4186,1
2825,4187,1
2825,4188,1
2825,4196,1
2825,4871,1
2826,2827,1
2826,5933,2
2827,2817,1
2827,2828,1
2827,2829,1
2827,4191,1
2827,4201,2
2827,5647,1
2828,2284,2
2831,2832,1
2834,2833,1
2834,2835,1
2835,2836,1
2835,2837,1
2837,2839,1
2837,2841,1
2838,2837,2
2838,2839,1
2838,2841,1
2841,2840,2
2843,917,1
2844,2845,1
2844,3014,2
2848,2764,2
2849,3068,1
2849,3069,1
2851,2449,2
2851,2923,1
2852,2853,1
2853,2843,1
2854,3015,2
2855,2856,1
2856,2879,1
2856,3013,1
2856,3014,1
2856,3015,1
2856,3018,1
2857,2858,1
2857,2861,1
2858,2859,1
2858,2866,1
2859,2860,1
2859,2864,1
2859,2869,1
2860,2589,1
2861,2862,1
2862,2863,1
2863,2588,1
2863,2868,1
2863,3222,2
2864,2865,1
2864,2871,1
2864,2880,1
2865,2870,1
2865,3012,1
2865,3033,2
2866,2867,1
2866,2881,1
2866,2947,1
2868,2875,1
2868,3259,2
2870,2084,2
2870,2884,1
2871,2872,1
2872,2873,1
2872,3220,2
2873,2874,1
2877,2878,1
2881,2284,2
2881,3236,1
2885,3056,1
2885,3057,1
2885,3058,1
2885,3059,1
2885,3225,1
2885,3228,2
2885,3249,2
2885,5509,1
2885,5595,1
2886,2887,1
2887,2888,1
2887,4975,2
2889,1867,1
2890,2891,1
2890,3977,1
2891,3544,1
2892,2893,1
2892,2940,1
2893,3268,1
2894,2895,1
2897,2545,1
2897,2898,1
2897,3215,1
2897,5031,1
2897,5638,2
2898,3223,2
2900,2901,1
2900,2902,1
2901,3259,2
2903,3215,2
2903,3263,1
2904,871,1
2904,2905,1
2904,2906,1
2905,2907,1
2908,2909,1
2909,3476,1
2909,4990,1
2911,3219,2
2912,2913,1
2912,5649,1
2913,3270,2
2914,119,1
2915,2891,2
2915,3544,1
2917,2918,1
2917,3270,1
2918,2919,1
2919,2921,1
2920,6044,1
2920,6045,1
2922,3514,1
2922,5346,2
2923,2456,1
2929,2930,1
2929,2933,1
2930,2931,1
2931,2932,1
2932,100,1
2933,2934,1
2934,2935,1
2934,2948,1
2934,3984,1
2935,2936,1
2935,2937,1
2937,2938,1
2938,846,1
2939,1983,1
2939,2941,1
2941,2942,1
2945,3240,1
2945,3247,1
2949,2950,1
2949,2951,1
2949,2953,1
2949,2954,1
2951,1984,1
2951,2089,1
2951,2945,1
2951,3036,1
2954,2955,1
2955,3133,2
2956,2957,1
2957,1529,1
2957,1530,1
2957,1531,1
2957,1532,1
2957,3503,1
2959,1982,1
2959,1989,1
2961,2962,2
2964,2965,1
2964,2966,1
2965,2586,1
2966,2967,1
2967,2968,1
2969,2956,1
2969,2970,1
2973,2974,1
2974,2969,1
2975,2976,1
2976,2977,1
2977,2978,1
2978,2979,1
2979,2980,1
2981,857,1
2981,3172,1
2982,2983,1
2983,2962,1
2984,2985,1
2986,858,1
2986,859,1
2987,3459,1
2988,3459,2
2989,2990,1
2989,2991,1
2992,5612,2
2992,5613,2
2993,2994,1
2994,431,1
2996,3492,2
2996,3992,1
2997,3077,1
2997,3445,2
2997,3446,1
2998,2999,1
3000,3001,1
3001,2998,1
3001,3002,1
3001,3003,1
3001,3006,1
3001,3011,1
3002,3004,1
3004,3005,1
3006,3007,1
3007,3008,1
3009,3000,1
3009,3010,1
3012,2856,2
3012,2879,1
3012,3013,1
3012,3014,1
3012,3015,1
3012,3018,1
3013,2172,1
3013,2767,1
3015,5561,1
3019,3015,2
3020,3021,1
3021,1020,2
3022,3023,2
3024,3025,1
3025,3673,1
3026,3028,1
3026,3518,1
3029,3030,1
3029,3031,1
3031,3032,1
3031,3033,1
3033,2870,1
3033,3012,1
3034,4873,1
3036,3037,1
3037,3038,1
3038,3039,1
3039,2952,2
3040,3272,2
3040,5337,2
3041,2100,2
3041,3042,1
3043,5876,2
3044,3045,1
3045,3046,1
3046,3047,1
3046,3048,1
3046,3049,1
3046,3050,1
3046,5083,2
3051,2578,1
3051,2756,1
3051,3052,1
3051,3053,1
3053,128,1
3053,3054,1
3053,3055,1
3056,1666,2
3057,3230,2
3057,3231,1
3059,5114,1
3060,598,1
3060,3061,1
3061,3062,1
3062,1666,2
3063,3064,1
3064,113,1
3064,530,1
3064,3510,1
3064,3511,1
3065,1602,2
3069,3220,1
3071,3471,1
3073,1768,1
3073,3074,1
3078,3079,1
3078,3086,1
3078,3087,1
3079,2744,1
3080,3081,1
3080,3084,1
3081,3082,1
3082,3083,1
3082,3943,1
3084,3085,1
3085,3110,1
3086,1297,2
3086,5074,1
3088,3089,1
3088,3091,1
3089,3090,1
3090,2657,1
3091,3092,1
3092,3093,1
3093,3094,1
3094,3095,1
3094,3102,1
3095,3096,1
3095,3100,1
3095,3101,1
3095,4813,2
3096,3097,1
3097,3098,1
3098,3099,1
3100,2761,2
3103,3415,2
3104,1666,2
3105,3106,1
3105,5782,2
3106,534,1
3106,5797,1
3107,2087,2
3107,3108,1
3108,3109,2
3110,3287,2
3110,3474,1
3111,3112,1
3111,3793,1
3113,532,1
3115,3472,1
3121,3474,2
3124,2619,1
3124,3125,1
3126,3127,1
3128,3129,1
3129,3130,1
3130,1993,2
3130,3132,1
3130,3133,1
3134,3960,1
3136,3137,1
3136,3145,1
3137,3138,1
3138,3139,1
3138,3144,1
3138,4600,2
3139,2097,2
3139,3140,1
3139,3143,1
3139,5355,1
3140,3141,1
3140,3515,2
3141,3142,1
3141,3514,2
3144,2514,2
3144,2816,1
3145,2656,1
3145,3146,1
3145,3148,1
3147,2044,1
3149,3150,1
3152,1747,1
3153,3154,1
3157,2986,1
3158,802,1
3158,2928,1
3160,3161,1
3163,3164,1
3164,3165,1
3164,3180,1
3165,3166,1
3167,3159,1
3167,3168,1
3168,3169,1
3169,3170,1
3173,3174,1
3174,3175,1
3175,3176,1
3177,3178,1
3178,3179,1
3180,3181,1
3180,3182,1
3182,3183,1
3184,3185,1
3188,3189,1
3188,3190,1
3191,3192,1
3195,3196,1
3195,3197,1
3198,767,1
3199,3200,1
3199,3271,2
3202,769,1
3203,3204,1
3207,3485,2
3209,1735,2
3209,3490,1
3210,3211,1
3210,3255,2
3212,2646,1
3213,1368,1
3213,5854,1
3216,213,1
3216,3591,1
3216,3592,1
3216,3593,1
3217,2532,1
3217,2533,1
3217,3114,1
3217,5438,1
3218,3795,1
3220,2873,1
3221,2678,1
3221,2681,1
3221,3222,1
3222,2868,1
3224,112,1
3225,545,1
3225,2185,1
3225,3498,1
3226,2546,1
3226,2885,1
3226,3227,1
3226,3260,1
3229,3,1
3229,132,1
3229,271,1
3229,368,1
3229,2095,1
3229,2096,1
3229,5110,1
3230,3231,1
3231,226,1
3231,1087,1
3231,1088,1
3231,3986,1
3231,4671,1
3231,4672,1
3232,2579,1
3232,5510,1
3237,176,1
3237,407,1
3237,408,1
3237,409,1
3237,410,1
3240,2651,1
3240,2652,1
3242,819,1
3242,3214,1
3242,3465,1
3242,4315,1
3243,150,1
3243,4991,1
3244,3967,1
3246,142,1
3246,1861,1
3246,1891,1
3247,2378,1
3247,2379,1
3248,3249,1
3249,3056,1
3249,3057,1
3249,3058,1
3249,3059,1
3249,3225,1
3249,5509,1
3249,5595,1
3251,157,1
3251,3252,1
3253,1666,1
3254,1639,1
3255,3211,1
3257,183,1
3257,184,1
3258,363,1
3258,5093,1
3259,1189,1
3260,4060,1
3260,4063,1
3262,3519,1
3262,3621,1
3262,3622,1
3262,3624,1
3264,2899,1
3266,3968,1
3268,1358,1
3269,2003,1
3270,2098,1
3270,4065,1
3271,3200,1
3273,3105,1
3273,3218,1
3273,5010,1
3274,2797,1
3274,2799,1
3274,4169,1
3277,3278,1
3277,3279,1
3280,283,1
3281,2089,2
3281,3282,1
3281,3283,1
3281,3285,1
3281,3287,1
3281,3288,1
3283,3284,1
3284,3286,1
3284,3290,2
3287,3474,1
3288,3289,1
3288,3290,1
3290,3286,1
3291,3292,1
3292,3530,1
3292,3678,1
3293,3294,1
3293,3297,1
3294,3295,1
3295,3296,1
3295,5834,1
3296,342,1
3297,3298,1
3298,3299,1
3298,4613,1
3299,3317,1
3299,3369,1
3301,264,1
3301,842,1
3301,870,1
3302,1760,1
3302,2093,1
3303,3304,1
3304,3301,1
3306,3450,1
3307,3308,1
3308,3309,1
3310,3312,1
3311,3310,1
3312,1034,1
3314,3315,1
3316,3318,1
3316,3366,1
3317,3316,2
3317,3318,1
3317,3366,1
3318,3319,1
3319,5973,1
3320,3319,2
3320,5973,1
3321,3322,1
3321,3323,1
3323,3324,2
3326,3327,1
3326,3328,1
3328,3329,1
3328,3330,1
3328,3331,1
3328,3332,1
3328,3333,1
3328,3334,1
3335,2581,2
3336,3337,1
3336,3339,1
3336,4432,1
3336,4564,1
3337,3338,1
3338,15,1
3338,25,1
3338,138,1
3339,3340,1
3339,3341,1
3339,3344,1
3341,536,1
3341,537,1
3345,3347,1
3345,5612,1
3346,3358,1
3346,3368,1
3347,3367,1
3348,3355,1
3349,3350,1
3349,3351,1
3352,3353,1
3352,3415,1
3352,5106,1
3354,4681,2
3355,89,1
3355,3356,1
3355,3359,1
3355,3361,1
3356,3362,1
3359,3360,1
3361,3346,1
3361,3357,1
3363,3364,1
3365,1949,2
3371,3574,1
3371,5102,1
3372,4772,2
3373,80,1
3373,502,1
3373,2074,1
3373,2581,1
3373,2598,1
3373,3238,1
3373,3491,1
3374,3372,1
3374,3375,1
3374,3378,1
3375,3376,1
3376,3377,1
3376,4021,2
3377,242,1
3377,3493,1
3377,4695,1
3378,3371,1
3378,3379,1
3379,3380,1
3380,3939,1
3382,2765,2
3382,3320,1
3382,3383,1
3384,3386,1
3385,2696,2
3385,3390,1
3386,3387,1
3386,3388,1
3386,3389,1
3386,3967,2
3392,3393,1
3393,3394,1
3394,3395,1
3394,3402,1
3395,3401,1
3395,3403,1
3395,3405,1
3396,3397,1
3398,3399,1
3399,3400,1
3400,3396,1
3402,2763,2
3403,3404,1
3406,3407,1
3406,3408,1
3408,3409,1
3410,3411,1
3410,3412,1
3410,3413,1
3410,3414,1
3416,3417,1
3418,3419,1
3419,2921,2
3419,3420,1
3419,3791,1
3419,3792,1
3422,3421,1
3422,3423,1
3422,3424,1
3424,3425,1
3424,3426,1
3430,3431,1
3432,3433,1
3432,3434,1
3432,5437,2
3434,3435,1
3434,3478,1
3435,651,1
3435,3494,2
3435,3495,1
3436,3882,2
3437,3438,1
3437,3440,1
3438,1978,2
3438,3439,1
3440,3441,1
3440,3442,1
3440,3443,1
3441,3015,2
3441,3857,2
3441,5561,1
3444,3445,1
3445,3077,1
3445,3446,1
3446,2350,1
3446,3601,1
3446,3604,1
3446,3605,1
3447,3448,1
3447,3777,1
3448,3449,1
3449,5092,2
3450,3451,1
3450,3452,1
3452,3461,1
3453,2109,1
3454,3783,1
3456,175,1
3456,3457,1
3456,3458,1
3461,3462,1
3461,3725,1
3464,2457,1
3465,1059,1
3466,2618,1
3466,2624,1
3467,159,1
3467,3468,1
3468,756,1
3468,3469,1
3468,5092,1
3470,2164,1
3473,4277,1
3476,1017,1
3476,1019,1
3476,1023,1
3478,4593,1
3478,4594,1
3478,4595,1
3479,4635,1
3481,328,1
3481,3070,1
3481,5003,1
3483,608,1
3484,46,1
3492,3992,1
3493,4916,1
3494,651,1
3494,3495,1
3495,4416,1
3495,5549,1
3499,310,1
3499,5594,1
3500,2347,1
3501,204,1
3501,210,1
3501,3989,1
3503,411,1
3503,412,1
3503,1598,1
3505,574,1
3506,5129,1
3507,72,1
3507,73,1
3507,1597,1
3508,1508,1
3509,1324,1
3511,2301,1
3513,388,1
3513,988,1
3513,1477,1
3513,5812,1
3514,3142,1
3516,774,1
3516,3517,1
3517,4120,1
3518,1008,1
3518,3500,1
3518,5796,1
3519,744,1
3519,5111,1
3521,3525,1
3521,3529,1
3525,3899,1
3525,3902,1
3525,5479,1
3526,3900,1
3526,3903,1
3527,3528,1
3527,5575,1
3528,3897,1
3528,3898,1
3529,1303,1
3529,2079,1
3529,3526,1
3531,3532,1
3533,2692,1
3536,3537,1
3536,5787,2
3536,5788,2
3538,3539,1
3539,1037,1
3541,3542,1
3542,3543,1
3543,3784,1
3544,3545,1
3544,5819,2
3545,4777,1
3548,3549,1
3550,3551,1
3550,3555,1
3551,3552,1
3552,3553,1
3553,3554,1
3554,3429,1
3554,3516,1
3555,3556,1
3556,3557,1
3557,3558,1
3558,3559,1
3559,3594,1
3559,3595,1
3561,3562,1
3561,3563,1
3563,3564,1
3564,3565,1
3565,3967,2
3566,3263,2
3567,3517,2
3567,3568,1
3567,4120,1
3567,4123,1
3569,3570,1
3569,3572,1
3569,3980,1
3570,3571,1
3570,5685,2
3571,5629,2
3571,5686,1
3571,5687,1
3572,3567,1
3572,4481,2
3572,4565,1
3573,3371,2
3573,3574,1
3573,5102,1
3574,1118,1
3574,3365,1
3574,5169,1
3575,3576,1
3576,3577,1
3576,3580,1
3577,2099,2
3577,3578,1
3578,2424,2
3578,3579,1
3578,3581,1
3579,2102,2
3581,240,1
3581,1097,1
3585,3586,1
3585,3971,1
3587,3566,1
3587,3588,1
3587,3940,1
3588,3589,1
3589,1661,2
3590,1661,2
3592,3474,2
3593,3463,2
3596,306,1
3596,3597,1
3597,4159,1
3599,3600,1
3599,3603,1
3601,3602,1
3602,595,1
3602,3073,1
3603,2350,1
3603,3446,2
3603,3601,1
3603,3604,1
3603,3605,1
3605,1310,1
3605,1311,1
3605,2397,1
3605,3479,1
3605,5773,1
3606,3607,1
3607,136,1
3608,3828,2
3609,3610,1
3609,3611,1
3611,3612,1
3612,3613,1
3612,3616,1
3613,3614,1
3613,3615,1
3614,3215,2
3615,3617,1
3617,3973,1
3618,3619,1
3619,3620,1
3620,3262,2
3620,3266,2
3620,3519,1
3620,3621,1
3620,3622,1
3620,3624,1
3620,3968,1
3621,3623,1
3621,5058,2
3623,3643,1
3624,3625,1
3624,5265,2
3626,4849,1
3629,3634,1
3630,3631,1
3630,3632,1
3630,5166,2
3630,5167,1
3630,5489,1
3631,413,1
3632,3633,1
3632,3878,1
3632,5491,1
3634,3635,1
3635,3636,1
3635,5488,1
3638,3639,1
3638,3641,1
3639,3640,1
3640,3971,2
3645,4941,1
3646,3647,1
3649,3650,1
3649,3651,1
3649,5357,1
3649,5358,1
3650,3653,1
3651,3652,1
3652,3656,1
3653,3654,1
3654,3655,1
3654,3658,1
3654,5356,1
3656,3657,1
3657,1296,2
3658,5108,2
3659,3660,1
3659,3788,1
3660,3661,1
3662,3663,1
3662,3664,1
3662,3665,1
3663,3979,1
3664,1004,1
3666,3667,1
3667,3668,1
3669,3670,1
3670,3671,1
3670,3944,1
3672,1392,2
3674,5852,2
3675,3676,1
3675,3677,1
3675,4999,1
3677,3674,1
3678,3520,2
3679,3680,1
3679,3681,1
3682,3683,1
3682,3684,1
3683,3460,2
3684,5181,2
3685,3686,1
3685,3687,1
3685,3688,1
3687,3689,1
3687,3690,1
3689,3691,1
3689,3692,1
3689,5193,2
3690,3694,1
3690,3695,1
3690,3696,1
3691,3693,1
3691,5196,2
3694,3697,1
3694,3968,2
3697,3883,2
3698,3699,1
3699,3700,1
3700,3701,1
3700,3711,1
3701,3702,1
3702,3703,1
3703,3704,1
3704,3705,1
3704,3706,1
3704,3709,1
3706,3707,1
3707,3708,1
3709,3710,1
3711,3712,1
3712,3713,1
3713,3714,1
3714,1319,1
3715,3716,1
3716,3717,1
3718,3719,1
3720,3721,1
3724,4850,1
3724,4851,1
3724,4852,1
3726,3727,1
3726,3728,1
3730,3731,1
3731,3733,1
3734,3735,1
3735,3740,1
3736,3737,1
3736,3773,1
3737,3738,1
3738,3739,1
3738,3762,1
3741,3742,1
3742,3743,1
3743,3732,1
3744,3741,1
3744,3763,1
3745,3736,1
3745,3746,1
3746,3747,1
3747,3748,1
3748,3749,1
3748,3765,1
3749,90,1
3749,3750,1
3749,3762,2
3750,3770,1
3754,3753,1
3756,588,1
3756,2790,1
3757,3758,1
3758,3759,1
3759,4851,2
3761,3996,1
3762,90,1
3762,3750,1
3763,3764,1
3765,3766,1
3766,3767,1
3770,3771,1
3770,3772,1
3773,3774,1
3774,3775,1
3774,3776,1
3777,5091,2
3777,5793,1
3778,3779,1
3778,3780,1
3781,3782,1
3782,3454,2
3782,3455,2
3782,3783,1
3784,1194,1
3784,3785,1
3787,3914,1
3788,3789,1
3794,3218,2
3794,3795,1
3795,3796,1
3796,3797,1
3798,3799,1
3798,3801,1
3799,3800,1
3801,3802,1
3802,3755,1
3803,2519,2
3803,3812,1
3805,3806,1
3807,3808,1
3808,3809,1
3809,3810,1
3812,3813,1
3812,3962,1
3813,3814,1
3814,3815,1
3816,3817,1
3816,5795,2
3816,5917,2
3818,967,1
3818,3512,1
3819,5554,1
3823,158,1
3823,3825,1
3823,3826,1
3823,3828,1
3823,3829,1
3825,3827,1
3831,3832,1
3832,3833,1
3833,2768,2
3833,3834,1
3834,2085,2
3836,3830,1
3836,3909,1
3838,3839,1
3839,3846,1
3840,3841,1
3840,3845,1
3841,3842,1
3842,3843,1
3843,3844,1
3845,3838,1
3846,3847,1
3849,3850,1
3849,3851,1
3850,3855,1
3852,3853,1
3856,3857,1
3858,3859,1
3859,3860,1
3860,3861,1
3862,3856,1
3862,3863,1
3866,3867,1
3866,3869,1
3867,3868,1
3868,1487,1
3868,3862,1
3868,5345,1
3868,5861,1
3869,3870,1
3870,3871,1
3871,3872,1
3874,3875,1
3874,4843,2
3875,3876,1
3875,3877,1
3875,4950,1
3876,230,1
3876,1754,1
3876,1757,1
3876,5873,1
3877,4811,2
3877,4939,1
3878,5490,1
3879,3669,1
3879,3880,1
3881,3882,1
3881,3883,1
3885,3583,1
3885,3886,1
3886,5112,2
3887,3975,1
3887,4013,2
3889,3890,1
3890,5468,1
3890,5786,2
3890,5787,1
3891,3892,1
3891,3993,2
3892,3893,1
3892,3994,1
3893,2768,2
3895,3896,1
3896,3528,2
3896,3897,1
3896,3898,1
3898,3525,2
3898,3899,1
3898,3902,1
3898,5479,1
3899,3526,2
3899,3900,1
3899,3903,1
3900,3901,1
3904,828,1
3908,3244,2
3908,3967,1
3910,3911,1
3912,3913,1
3913,3910,1
3915,3916,1
3915,3917,1
3920,3908,1
3920,3921,1
3921,145,1
3921,3065,1
3922,3923,1
3922,3985,2
3922,5168,1
3923,3924,1
3924,4899,2
3925,3926,1
3925,4644,1
3925,4996,2
3927,4975,1
3927,5190,2
3928,3929,1
3928,3930,1
3929,2591,1
3929,2592,1
3929,3976,1
3930,3931,1
3932,5849,1
3933,3976,2
3934,3935,1
3936,3937,1
3938,3380,2
3938,3939,1
3939,1666,2
3941,3261,2
3941,3942,1
3941,3974,2
3941,5022,1
3946,3978,2
3947,3948,1
3948,3949,1
3949,3950,1
3950,3951,1
3952,3953,1
3952,3983,2
3953,3954,1
3954,3955,1
3954,3984,2
3956,3952,1
3956,3957,1
3957,3958,1
3961,3987,2
3961,5214,1
3961,5215,1
3963,4035,1
3964,3644,1
3964,3965,2
3964,3966,1
3965,3644,1
3965,3966,1
3967,3387,1
3967,3388,1
3967,3389,1
3968,3697,1
3970,2761,1
3972,2318,1
3974,3942,1
3974,5022,1
3977,1921,1
3977,1922,1
3977,1923,1
3980,1337,1
3980,1338,1
3983,3953,1
3985,3923,1
3985,5168,1
3987,5215,1
3991,511,1
3991,5242,1
3992,102,1
3992,249,1
3992,2426,1
3993,3892,1
3994,2513,1
3995,353,1
3995,2421,1
3997,1772,1
3997,2444,1
3998,3999,1
3998,4000,1
4002,4003,1
4002,4009,1
4002,4010,1
4002,4011,1
4002,5166,1
4003,4004,1
4003,4006,1
4003,4007,1
4003,4008,1
4004,2117,2
4004,4005,1
4009,5836,1
4011,5781,1
4011,5782,1
4011,5783,1
4012,4013,1
4013,3975,1
4016,4017,1
4016,4018,1
4016,4019,1
4017,2055,2
4020,2751,1
4020,2752,1
4020,3269,1
4020,5907,1
4021,3377,1
4022,4253,1
4023,4024,2
4025,3973,2
4026,4027,1
4027,2116,2
4027,4028,1
4029,4030,1
4029,4031,1
4030,2775,1
4030,4032,1
4030,4033,1
4030,4034,1
4034,2080,2
4035,378,1
4035,4064,1
4036,4037,1
4036,4045,1
4037,4038,1
4038,4039,1
4038,4042,1
4039,4040,1
4040,4041,1
4041,2527,1
4042,4043,1
4043,4044,1
4044,2527,1
4044,4041,2
4045,4046,1
4046,4047,1
4050,4051,1
4051,3963,1
4051,4052,1
4052,4053,1
4053,4054,1
4054,4055,1
4054,4056,1
4055,4478,2
4057,4058,1
4059,3260,2
4059,4060,1
4059,4063,1
4061,4062,1
4065,4115,1
4069,4070,1
4070,4071,1
4070,5416,2
4071,4072,1
4072,4110,1
4073,4074,1
4073,5593,2
4075,4076,1
4077,4078,1
4078,4079,1
4079,4080,1
4081,3894,1
4082,5114,2
4083,1851,1
4083,4084,1
4084,2212,1
4086,4087,1
4086,4088,1
4087,4328,1
4087,4339,1
4087,4340,1
4088,4457,1
4088,5375,1
4089,4090,1
4089,4179,1
4090,4091,1
4090,4137,1
4091,4092,1
4092,4093,1
4093,4094,1
4093,4181,1
4094,4095,1
4095,4096,1
4097,4098,1
4097,4102,1
4098,4099,1
4099,4100,1
4100,4101,1
4101,2796,1
4102,4103,1
4103,4104,1
4104,4105,1
4105,4106,1
4106,4107,1
4107,4108,1
4108,4109,1
4109,2952,1
4110,4111,1
4110,4112,1
4110,4113,1
4110,4119,2
4111,4641,1
4112,4114,1
4112,4116,1
4112,4117,1
4112,4133,1
4112,5820,1
4113,4065,2
4113,4115,1
4117,4118,1
4117,4134,1
4117,4135,1
4117,5106,2
4118,5689,2
4119,4111,1
4119,4112,1
4119,4113,1
4120,4121,1
4120,4122,1
4121,5360,2
4124,4125,1
4125,2171,2
4125,4126,1
4126,5686,2
4127,4069,1
4127,4128,1
4128,4129,1
4130,4131,1
4131,4132,1
4132,4119,2
4133,2020,1
4135,5790,1
4137,4178,1
4138,4139,1
4139,4140,1
4139,5626,1
4140,2745,1
4141,4449,1
4141,4450,1
4141,4451,1
4143,4144,1
4143,4145,1
4143,4146,1
4146,4147,1
4146,4152,1
4146,4155,1
4147,4148,1
4147,4149,1
4148,285,1
4148,286,1
4148,538,1
4149,4150,1
4150,4151,1
4152,4153,1
4153,4154,1
4155,4156,1
4156,4157,1
4157,4158,1
4159,4160,1
4161,5347,1
4164,4165,1
4165,5869,2
4166,4167,1
4167,4168,1
4168,869,1
4169,4170,1
4169,4171,1
4171,103,1
4171,4172,1
4171,4173,1
4171,4174,1
4177,4200,1
4178,4219,1
4178,4220,2
4179,4180,1
4180,4183,1
4180,4184,1
4183,4185,1
4186,4192,1
4192,4193,1
4192,4194,1
4193,4195,1
4193,4532,1
4197,4198,1
4199,4177,2
4199,4200,1
4201,2817,1
4201,2828,1
4201,2829,1
4201,4191,1
4201,5647,1
4202,4203,1
4203,4204,1
4203,4205,1
4203,4206,1
4208,4209,1
4209,4210,1
4215,4216,1
4215,4217,1
4217,840,1
4217,2824,1
4217,4218,1
4222,504,1
4223,4224,1
4224,4225,1
4224,4228,1
4226,4227,1
4226,5432,1
4228,1725,1
4228,4229,1
4228,5481,2
4230,860,1
4231,4232,1
4232,4233,1
4233,4234,1
4235,4236,1
4235,4246,1
4238,4239,1
4239,4240,1
4240,4241,1
4241,4242,1
4241,4244,1
4244,4245,1
4246,4247,1
4248,524,1
4250,4251,1
4250,4495,1
4251,4252,1
4251,4491,2
4252,4022,2
4252,4253,1
4253,4587,1
4254,4255,1
4254,4257,1
4255,4256,1
4256,2014,1
4256,5785,2
4257,5784,2
4258,4259,1
4258,5848,1
4260,4261,1
4260,4264,1
4261,4262,1
4261,5848,2
4262,4263,1
4264,4265,1
4267,1773,1
4269,4270,1
4269,4289,1
4271,4283,1
4272,4273,1
4272,4274,1
4274,2947,2
4274,4275,1
4274,4276,1
4275,3473,2
4275,4277,1
4277,5398,2
4279,4280,1
4280,4281,1
4280,4313,1
4280,4316,1
4280,4317,1
4280,4319,1
4282,4271,2
4282,4283,1
4283,4284,1
4283,4285,1
4283,4286,1
4284,4287,1
4285,5873,2
4288,4253,2
4288,4587,1
4289,4226,1
4290,4291,2
4290,4292,1
4290,5431,1
4291,4292,1
4291,5431,1
4292,4058,2
4292,4293,1
4292,5402,2
4293,2829,2
4295,4296,1
4295,4301,1
4296,4297,1
4297,4298,1
4298,4299,1
4299,4300,1
4299,4546,1
4301,569,1
4301,4302,1
4306,4307,1
4307,4308,1
4307,4309,1
4308,1935,1
4308,1936,1
4309,4310,1
4309,4320,1
4309,4585,1
4312,3472,2
4313,4680,1
4313,4988,1
4314,3496,2
4314,4500,2
4316,4318,1
4318,4324,1
4318,4549,1
4319,3241,2
4320,4318,2
4320,4324,1
4320,4549,1
4321,4845,1
4321,4846,1
4321,4847,1
4322,4323,1
4323,659,1
4323,4787,1
4323,4788,1
4323,4789,1
4323,4790,1
4325,5963,2
4327,4087,2
4327,4328,1
4327,4339,1
4327,4340,1
4328,4329,1
4329,2997,1
4335,4462,1
4336,4463,1
4336,4464,1
4336,4465,1
4336,4466,1
4340,4341,1
4340,4342,1
4340,4343,1
4340,4344,1
4343,3280,1
4343,4371,1
4344,4369,1
4345,4346,1
4345,4347,1
4347,4348,1
4347,4349,1
4347,4356,1
4347,5811,1
4349,4350,1
4349,4351,1
4349,4352,1
4349,4353,1
4349,4354,1
4353,4355,1
4357,4358,1
4357,4359,1
4358,4454,1
4359,2697,1
4359,4334,1
4360,4361,1
4360,4362,1
4361,2503,1
4362,4363,1
4362,4433,2
4363,4364,1
4366,4367,1
4367,4368,1
4368,5802,2
4369,4370,2
4371,1588,1
4371,1589,1
4373,4374,1
4376,4377,1
4376,4378,1
4376,4382,1
4378,4379,1
4379,4380,1
4380,4381,1
4380,4575,2
4381,4547,1
4382,4383,1
4383,93,1
4383,4375,1
4383,4384,1
4385,4386,1
4385,4387,1
4386,4388,1
4386,4397,1
4386,4479,1
4386,4480,1
4387,4391,1
4388,4389,1
4389,4390,1
4391,4392,1
4391,4396,1
4392,4393,1
4393,4394,1
4394,4395,1
4394,4452,1
4394,4453,1
4397,4398,1
4397,4399,1
4398,4400,1
4398,4401,1
4398,4402,1
4401,4403,1
4401,4404,1
4401,4405,1
4401,4478,1
4401,5023,1
4404,4406,1
4404,4481,1
4404,4482,1
4407,4408,1
4407,5538,1
4408,4409,1
4408,4479,2
4409,4410,1
4410,4411,1
4411,4412,1
4412,3494,1
4412,4413,1
4412,5843,1
4413,4414,1
4413,4415,1
4414,3495,2
4415,3495,2
4415,4416,1
4415,5549,1
4422,4423,2
4422,4444,1
4423,4444,1
4424,1593,1
4424,1594,1
4424,1595,1
4424,1596,1
4425,4426,1
4425,4427,1
4427,4428,1
4427,4580,1
4428,4429,1
4429,4430,1
4429,5810,2
4430,4431,1
4430,4438,1
4432,4433,1
4432,5366,1
4433,4363,1
4434,4376,1
4434,4435,1
4435,4436,1
4436,4437,1
4439,4440,1
4440,4441,1
4440,4442,1
4442,4443,1
4445,4446,1
4445,4447,1
4446,3469,2
4448,4141,2
4448,4449,1
4448,4450,1
4448,4451,1
4452,5844,2
4453,5844,2
4454,4455,1
4454,4456,1
4455,4088,2
4455,4457,1
4458,5854,2
4459,4460,1
4460,4468,1
4461,4335,2
4461,4336,2
4461,4462,1
4461,4463,1
4461,4464,1
4461,4465,1
4461,4466,1
4462,105,2
4468,4469,1
4468,4470,1
4471,4472,1
4471,4473,1
4471,4474,1
4471,4475,1
4473,4476,1
4473,5562,1
4476,4477,1
4479,4409,1
4481,3567,1
4481,4565,1
4484,4485,1
4486,4487,1
4487,4488,1
4487,4492,1
4488,4489,1
4489,4490,1
4489,4491,1
4490,2449,1
4490,4496,2
4491,4252,1
4492,4493,1
4493,2209,1
4495,4496,1
4495,4497,1
4496,2449,1
4496,3504,1
4497,4533,1
4498,4499,1
4498,4500,1
4498,4501,1
4498,4535,2
4501,4502,2
4503,4504,1
4504,4505,1
4505,4506,1
4506,2276,1
4507,4508,1
4508,4509,1
4509,4510,1
4510,4511,1
4510,4516,1
4511,4288,1
4511,4512,1
4511,5647,2
4512,4513,1
4513,4514,1
4514,4515,1
4515,5646,1
4516,4532,2
4517,5645,2
4527,70,1
4527,485,1
4527,1711,1
4527,1731,1
4527,5481,1
4527,5482,1
4528,4704,1
4528,5779,2
4530,1086,1
4533,4499,2
4534,5335,2
4534,5359,2
4535,3230,1
4535,4499,1
4535,4500,1
4535,4501,1
4537,5575,2
4538,4539,1
4539,4540,1
4540,4537,1
4540,4541,1
4541,4542,1
4541,4543,1
4541,4544,1
4544,5026,1
4546,1305,1
4547,4548,1
4549,825,1
4549,5799,2
4550,4551,1
4551,4552,1
4551,4553,1
4552,2281,1
4552,4554,1
4552,4555,1
4554,4556,1
4554,4557,1
4559,4560,1
4560,1713,1
4560,4561,1
4560,4562,1
4562,4563,1
4562,4595,2
4563,1461,1
4563,1462,1
4565,4566,1
4567,4568,1
4567,4569,1
4568,4570,1
4570,4571,1
4570,4572,1
4570,5321,1
4573,4575,1
4575,4381,1
4577,4578,1
4579,1313,1
4579,3480,1
4581,2497,1
4581,4582,1
4585,5799,1
4586,2249,1
4586,4589,1
4588,1822,1
4590,2425,1
4590,4591,1
4591,2509,1
4591,4592,1
4594,4583,2
4595,4563,1
4596,4597,1
4596,4598,1
4597,4602,1
4597,4780,2
4598,4599,1
4598,4600,1
4599,4601,1
4599,5805,2
4601,49,1
4601,50,1
4601,51,1
4601,243,1
4601,3370,1
4602,4605,2
4602,4606,1
4603,4596,1
4603,4604,1
4605,4606,1
4607,4608,1
4607,4611,1
4608,4609,1
4609,4610,1
4610,3473,1
4610,4780,1
4611,4612,1
4612,224,1
4613,4984,1
4614,4615,1
4614,4616,1
4615,4766,1
4616,4617,1
4617,4618,1
4618,4619,1
4619,4620,1
4620,4621,1
4620,4625,1
4620,4630,1
4621,4622,1
4622,4623,1
4622,4629,1
4623,4624,1
4624,3575,1
4625,4626,1
4626,4627,1
4627,4628,1
4631,1378,1
4631,1428,1
4631,5400,1
4631,5401,1
4631,5402,1
4632,4633,1
4633,5073,1
4634,3479,2
4634,4635,1
4635,4636,1
4635,5050,1
4636,3480,2
4637,4638,1
4639,4640,1
4640,4111,2
4640,4641,1
4641,1121,1
4643,4645,1
4644,5229,1
4646,4647,1
4646,4650,1
4647,4648,1
4648,4649,1
4649,440,1
4650,4651,1
4651,4652,1
4652,4653,1
4653,4654,1
4654,4655,1
4655,4656,1
4655,4728,1
4656,4657,1
4657,4658,1
4658,4659,1
4663,4664,1
4668,4669,1
4669,3993,1
4669,4693,1
4670,3370,2
4673,2322,1
4673,4674,1
4674,4970,1
4674,4971,1
4675,4676,1
4675,4971,2
4676,4677,1
4676,4964,1
4677,4678,1
4678,4679,1
4678,5684,1
4679,4313,2
4679,4680,1
4679,4988,1
4680,5027,2
4680,5588,1
4681,5502,1
4681,5805,1
4682,4683,1
4682,4684,1
4685,4686,1
4687,4688,1
4688,3248,2
4688,3249,1
4689,1637,2
4689,4690,1
4689,4691,1
4689,4692,1
4692,3819,1
4692,3993,1
4692,4669,2
4692,4693,1
4693,4694,1
4694,156,1
4694,3254,1
4698,3384,1
4698,4700,1
4699,5164,1
4701,4702,1
4701,4703,1
4703,5513,1
4704,4526,1
4705,4706,1
4705,4708,1
4706,4707,1
4706,5082,1
4707,471,1
4707,474,1
4707,480,1
4707,483,1
4707,2117,1
4707,2118,1
4707,5847,1
4708,4709,1
4709,3645,1
4711,4712,1
4711,4713,1
4714,5109,1
4715,4716,1
4715,4719,1
4716,4717,1
4716,4721,1
4716,4722,1
4717,4718,1
4718,5109,2
4719,4720,1
4722,4723,1
4723,4724,1
4725,4726,1
4726,4727,1
4728,4729,1
4729,4730,1
4730,4731,1
4732,4733,1
4732,4735,1
4733,4734,1
4735,4736,1
4736,4739,1
4736,4740,1
4736,4763,1
4737,4738,1
4742,4743,1
4743,1051,1
4744,1811,1
4744,4745,1
4745,5072,2
4746,4875,1
4746,5261,1
4747,4748,1
4747,4749,1
4747,4878,2
4747,4950,2
4748,5070,1
4750,4751,1
4750,4752,1
4752,4753,1
4753,4754,1
4753,4756,1
4754,4755,1
4756,122,1
4756,4757,1
4756,4758,1
4759,4761,1
4760,1865,1
4761,4762,1
4761,5032,1
4762,1666,2
4763,192,1
4764,4765,1
4764,5573,1
4765,3682,1
4765,4976,2
4766,4767,1
4767,4768,1
4768,4769,1
4769,4770,1
4770,4771,1
4771,1114,1
4771,4772,1
4771,4773,1
4771,4774,1
4776,3545,2
4776,4777,1
4778,4779,1
4779,3473,1
4779,4610,2
4779,4780,1
4782,4783,1
4785,3672,1
4785,4786,1
4786,4799,1
4792,1078,1
4792,5108,1
4793,4794,1
4793,4797,1
4794,4795,1
4794,4796,1
4797,4798,1
4798,4786,2
4798,4799,1
4799,4995,1
4800,1373,1
4800,4801,1
4800,4959,1
4802,4803,1
4805,4806,1
4806,4840,1
4806,4841,1
4808,4999,2
4809,4810,1
4810,4811,1
4811,4939,1
4812,4813,1
4813,3096,1
4813,3100,1
4813,3101,1
4814,4816,1
4817,4818,1
4819,2897,1
4819,4820,1
4821,4831,1
4823,4824,1
4824,4825,1
4826,4827,1
4827,4828,1
4828,4829,1
4829,4830,1
4829,5299,2
4832,4833,1
4832,5606,1
4833,4834,1
4835,4836,1
4836,4837,1
4836,4838,1
4838,4839,1
4839,4850,2
4842,4843,1
4842,5205,1
4843,3875,1
4844,4321,2
4844,4845,1
4844,4846,1
4844,4847,1
4846,354,1
4849,5816,2
4853,4854,1
4853,5338,1
4854,4855,1
4855,4856,1
4856,4857,1
4856,5089,1
4857,21,1
4857,79,1
4857,2070,1
4858,4859,1
4858,4860,1
4858,4861,1
4861,3034,1
4862,4863,1
4862,4864,1
4862,4865,1
4862,4866,1
4862,4867,1
4862,4868,1
4862,4869,1
4862,4963,1
4863,4993,2
4863,5087,1
4865,4870,1
4868,5197,1
4868,5198,1
4868,5201,2
4871,4872,1
4872,352,1
4874,5085,2
4875,5238,1
4875,5239,1
4875,5262,1
4876,4877,1
4876,4878,1
4877,1582,1
4878,4748,1
4878,4749,1
4880,4881,1
4881,4882,1
4884,4885,1
4886,4887,1
4886,4891,1
4887,4888,1
4888,4889,1
4888,4890,1
4890,4996,1
4890,4997,1
4893,5295,1
4897,200,1
4898,4899,1
4898,5245,2
4900,4901,1
4900,4902,1
4904,4905,1
4904,4906,1
4905,4907,1
4908,4909,1
4909,4910,1
4910,1188,1
4910,4911,1
4911,1164,1
4911,4938,1
4912,3508,1
4913,4914,1
4916,5636,1
4916,5777,2
4916,5852,1
4917,1339,1
4917,4918,1
4918,4919,1
4920,4924,1
4921,4922,1
4922,4923,1
4923,4929,1
4923,5233,2
4924,4925,1
4925,4926,1
4926,4927,1
4927,4928,1
4927,4930,1
4927,4931,1
4927,4932,1
4927,5094,1
4933,4934,1
4934,4935,1
4935,4936,1
4935,4937,1
4935,5113,2
4936,2628,2
4937,4300,2
4939,5111,2
4942,4943,1
4943,3049,2
4943,3050,2
4943,3497,2
4944,4945,1
4945,4946,1
4945,5082,2
4945,5088,1
4946,4947,1
4946,4994,2
4947,4948,1
4947,5089,2
4949,422,1
4949,5110,2
4951,5246,1
4951,5248,1
4952,4953,1
4952,4954,1
4953,4956,1
4954,4955,1
4956,4957,1
4956,4958,1
4959,4989,2
4960,4961,1
4962,4986,2
4962,4987,1
4963,6043,1
4964,4965,1
4965,4966,1
4966,4967,1
4966,5500,1
4967,4968,1
4967,5809,1
4968,4969,1
4971,4676,1
4972,5117,1
4972,5118,1
4972,5121,1
4973,4974,1
4975,2888,1
4977,5192,1
4979,4980,1
4979,4994,1
4981,4982,1
4985,5382,1
4986,4987,1
4987,5362,1
4987,5363,1
4987,5364,1
4987,5365,1
4988,27,1
4988,165,1
4988,2091,1
4988,2165,1
4988,2407,1
4988,3467,1
4988,3982,1
4990,521,1
4991,5710,1
4993,5087,1
4994,4947,1
4996,3926,1
4996,4644,1
4997,356,1
4997,357,1
4997,5043,1
4998,1459,1
4998,1468,1
4999,1460,1
5001,5002,1
5003,5264,2
5004,5005,1
5005,5757,1
5006,5007,2
5008,5009,1
5010,5783,2
5010,5908,1
5010,5910,1
5011,5012,1
5011,5013,1
5013,5095,1
5013,5821,1
5014,1334,1
5015,5016,1
5016,5017,1
5016,5018,1
5019,5020,1
5019,5021,1
5023,5024,1
5023,5025,1
5023,5027,1
5024,5843,2
5024,5844,1
5025,4544,2
5025,5026,1
5027,5588,1
5028,519,1
5030,1007,1
5032,5194,2
5033,5562,2
5034,5561,2
5035,5036,1
5035,5037,1
5037,5038,1
5037,5039,1
5037,5040,1
5037,5041,1
5037,5105,2
5037,5770,1
5037,5915,1
5040,5914,1
5041,5042,1
5043,5044,1
5044,5045,1
5044,5879,2
5048,5049,1
5049,5264,2
5050,5058,1
5051,5052,1
5051,5054,1
5052,5053,1
5053,5050,2
5053,5058,1
5054,5055,1
5054,5056,1
5056,5057,1
5058,3623,1
5059,5060,1
5060,5061,1
5060,5062,1
5060,5066,1
5062,5063,1
5063,5064,1
5063,5065,1
5063,5345,2
5063,5355,2
5066,5067,1
5067,5068,1
5068,5069,1
5069,5812,2
5070,597,1
5071,958,1
5072,2196,1
5073,205,1
5073,4776,1
5075,5076,1
5075,5077,1
5075,5318,1
5078,5079,1
5078,5080,1
5080,5081,1
5082,4946,1
5082,5088,1
5083,3047,1
5083,3048,1
5083,3049,1
5083,3050,1
5086,2633,1
5087,5829,1
5088,98,1
5088,3217,1
5089,4948,1
5091,5793,1
5093,628,1
5093,5749,1
5094,143,1
5096,5097,1
5097,5098,1
5097,5099,1
5098,5100,2
5098,5264,1
5098,5265,1
5100,5264,1
5100,5265,1
5101,5358,2
5101,5359,1
5102,5103,1
5102,5194,1
5103,5104,1
5105,5038,1
5105,5039,1
5105,5040,1
5105,5041,1
5105,5770,1
5105,5915,1
5106,4134,1
5106,4135,1
5107,18,1
5107,848,1
5110,422,1
5113,4936,1
5113,4937,1
5115,5116,1
5115,5119,1
5116,4972,2
5116,5117,1
5116,5118,1
5116,5121,1
5117,29,1
5117,1968,1
5119,5120,1
5121,5788,1
5122,5123,1
5123,5124,1
5124,479,1
5125,5126,1
5126,5127,1
5126,5245,1
5127,2580,1
5127,3258,1
5128,3506,2
5128,5129,1
5130,5131,1
5132,5118,2
5133,5134,1
5133,5135,1
5134,5199,1
5135,5199,2
5136,5137,1
5137,5138,1
5139,3866,1
5143,5144,1
5144,5145,1
5146,4982,2
5146,4983,2
5148,5136,1
5148,5149,1
5149,5150,1
5150,5151,1
5151,5152,1
5152,5153,1
5153,5154,1
5154,5155,1
5155,5156,1
5155,5856,1
5156,5157,1
5157,4977,2
5157,5192,1
5159,5160,1
5159,5161,1
5159,5162,1
5160,5163,1
5163,4699,2
5163,5164,1
5165,2320,1
5165,5810,1
5166,3631,1
5166,3632,1
5166,5167,1
5166,5489,1
5167,5180,1
5168,5181,1
5169,2452,1
5170,2450,1
5171,5172,1
5171,5173,1
5173,5176,1
5173,5177,1
5173,5178,1
5173,5179,1
5174,5175,1
5174,5182,1
5175,5173,2
5175,5176,1
5175,5177,1
5175,5178,1
5175,5179,1
5176,263,1
5176,3925,1
5176,3927,1
5176,4976,1
5177,5167,2
5177,5168,2
5177,5180,1
5177,5181,1
5181,970,1
5181,993,1
5183,4814,1
5183,5184,1
5183,5185,1
5184,5180,2
5185,4815,1
5185,5186,1
5186,1157,1
5187,5188,1
5187,5189,1
5188,1423,1
5189,5190,1
5189,5191,1
5190,4975,1
5191,154,1
5192,5193,1
5193,3691,1
5193,3692,1
5195,5196,1
5196,3693,1
5200,5201,1
5201,5197,1
5201,5198,1
5202,758,1
5202,5203,1
5202,5204,1
5205,5206,1
5207,5208,1
5207,5210,1
5207,5212,1
5208,5209,1
5210,5211,1
5212,5213,1
5214,5216,1
5215,226,2
5215,3502,2
5215,5226,1
5217,5218,1
5217,5222,1
5217,5223,1
5218,5219,1
5219,5220,1
5220,5221,1
5221,3229,1
5223,309,1
5223,5224,1
5223,5227,1
5224,5225,1
5227,5228,1
5229,5232,1
5230,5363,2
5231,5308,1
5233,4929,1
5234,5235,1
5235,5476,2
5236,5237,1
5238,511,1
5238,3991,2
5238,5242,1
5239,5240,1
5239,5241,1
5239,5263,1
5243,5244,1
5245,4899,1
5247,5543,1
5248,5249,1
5249,5250,1
5250,5251,1
5251,5541,1
5252,2408,1
5252,5253,1
5254,5255,1
5257,3941,1
5258,5107,1
5258,5259,1
5259,5260,1
5260,5869,1
5265,3625,1
5266,5267,1
5266,5271,1
5267,5268,1
5267,5269,1
5267,5270,1
5268,5279,1
5269,5272,1
5271,5275,1
5272,5273,1
5273,5274,1
5275,5276,1
5276,5277,1
5277,5278,1
5279,5280,1
5279,5282,1
5280,5281,1
5281,5283,1
5281,5776,1
5284,5285,1
5284,5286,1
5284,5287,1
5284,5288,1
5285,5292,1
5285,5338,2
5286,5289,1
5287,3888,1
5287,3889,1
5287,3891,1
5287,5290,1
5287,5291,1
5287,5822,2
5292,5293,1
5294,5336,1
5295,5296,1
5295,5297,1
5298,5299,1
5298,5488,2
5299,4830,1
5300,5301,1
5300,5302,1
5300,5305,1
5300,5306,1
5302,5303,1
5302,5304,1
5303,5337,1
5309,5310,1
5309,5335,2
5311,5312,1
5311,5313,1
5312,5314,1
5315,5639,1
5316,5317,1
5317,5084,2
5318,5332,1
5318,5333,1
5319,5320,1
5321,5322,1
5323,2488,1
5324,5325,1
5326,5327,1
5326,5328,1
5326,5329,1
5326,5330,1
5331,5318,2
5331,5332,1
5331,5333,1
5336,10,1
5336,199,1
5336,2100,1
5336,5447,1
5338,5292,1
5339,2036,1
5340,5341,1
5340,5342,1
5340,5343,1
5340,5344,1
5341,5168,2
5345,5064,1
5346,3514,1
5348,5349,1
5348,5350,1
5350,5351,1
5351,5352,1
5352,5353,1
5352,5767,2
5352,5870,2
5353,5354,1
5354,5871,1
5355,5065,1
5356,5870,1
5358,5359,1
5364,5877,2
5367,5366,2
5368,5688,2
5370,5371,1
5371,2278,2
5372,5373,1
5373,3489,2
5373,5450,1
5374,528,1
5375,4985,2
5375,5382,1
5376,4457,2
5377,5378,1
5377,5396,1
5379,5380,1
5380,5381,1
5380,5383,1
5381,595,1
5381,3073,1
5381,3602,2
5384,5385,1
5385,5386,1
5386,5387,1
5387,5388,1
5387,5389,1
5388,4088,2
5388,5375,1
5388,5376,1
5388,5377,1
5389,5390,1
5390,5391,1
5391,5392,1
5392,5393,1
5392,5394,1
5392,5395,1
5394,5398,1
5394,5399,1
5396,5379,1
5396,5397,1
5398,83,1
5399,2422,1
5405,5406,1
5408,5409,1
5408,5410,1
5408,5411,1
5408,5657,2
5408,5784,1
5408,5785,1
5411,4253,2
5412,5413,1
5412,5414,1
5413,5918,1
5414,5415,1
5414,5416,1
5414,5417,1
5416,4071,1
5423,5424,1
5424,5425,1
5425,5426,1
5425,5427,1
5427,5428,1
5427,5429,1
5427,5779,1
5432,185,1
5433,4681,1
5433,5434,1
5433,5840,2
5434,5435,1
5435,5436,1
5435,5437,1
5435,5773,2
5436,2547,1
5437,3434,1
5440,5484,1
5441,233,1
5441,5442,1
5442,5443,1
5443,5444,1
5444,5445,1
5445,4278,1
5445,5446,1
5447,1758,1
5447,5448,1
5450,5550,1
5451,5452,1
5451,5453,1
5453,5454,1
5453,5494,1
5454,5455,1
5454,5456,1
5454,5457,1
5455,5458,1
5455,5847,2
5459,552,1
5459,5339,1
5459,5867,1
5461,5462,1
5461,5463,1
5462,5464,1
5462,5465,1
5462,5638,1
5463,5466,1
5464,5838,2
5466,5467,1
5467,5838,2
5469,5470,1
5469,5472,1
5470,5471,1
5470,5540,1
5470,5568,1
5472,5473,1
5472,5474,1
5474,5475,1
5474,5476,1
5477,5476,2
5478,5476,2
5479,2240,1
5479,5480,1
5481,1725,1
5481,4229,1
5483,5646,2
5485,5486,1
5486,5487,1
5487,4498,1
5488,5299,1
5489,44,1
5490,5518,1
5490,5519,1
5490,5520,1
5491,5804,2
5494,5495,1
5494,5496,1
5494,5497,1
5494,5565,1
5494,5566,1
5495,5498,1
5496,5499,1
5501,4681,2
5501,5502,1
5501,5805,1
5503,5504,1
5503,5505,1
5503,5506,1
5503,5507,1
5504,5808,1
5507,2795,1
5507,5807,2
5508,5806,2
5508,5807,1
5509,3504,2
5511,5514,1
5511,5515,1
5511,5516,1
5511,5517,1
5512,4703,2
5512,5513,1
5513,5511,2
5513,5514,1
5513,5515,1
5513,5516,1
5513,5517,1
5515,5490,2
5515,5518,1
5515,5519,1
5515,5520,1
5521,5522,1
5521,5532,1
5522,5523,1
5523,5524,1
5524,5525,1
5525,5526,1
5526,5527,1
5527,5528,1
5528,5529,1
5529,5530,1
5529,5537,1
5530,5531,1
5531,5819,1
5532,5533,1
5534,5535,1
5535,5536,1
5536,4360,1
5537,4082,1
5538,5539,1
5539,3569,1
5541,5542,1
5542,197,1
5543,5544,1
5544,1228,1
5544,5817,2
5546,5547,1
5546,5548,1
5551,5552,1
5555,5556,1
5556,5178,2
5556,5874,2
5557,5558,1
5563,5564,1
5565,1007,1
5565,5030,2
5567,5789,2
5568,5569,1
5569,5570,1
5570,5571,1
5572,5876,2
5573,2523,2
5577,5578,1
5577,5579,1
5578,5580,1
5579,5581,1
5582,5583,1
5582,5586,1
5583,5584,1
5586,5587,1
5588,5589,1
5592,5904,2
5593,576,1
5593,4074,1
5595,3970,1
5596,5597,1
5596,5599,1
5597,5598,1
5599,5600,1
5600,5601,1
5600,5602,1
5602,5603,1
5602,5604,1
5603,5605,1
5605,5637,2
5606,5607,1
5607,322,1
5609,5813,1
5610,5450,2
5610,5550,1
5614,5615,1
5614,5796,2
5616,5617,1
5617,5618,1
5618,5619,1
5619,432,1
5619,452,1
5621,5622,1
5621,5623,1
5621,5624,1
5622,5655,1
5625,5705,1
5626,5841,1
5627,5628,1
5627,5833,2
5628,5629,1
5628,5834,2
5629,5686,1
5629,5687,1
5633,5832,1
5638,2545,1
5638,2898,1
5638,3215,1
5638,5031,1
5639,988,2
5640,5648,2
5641,5642,1
5642,5643,1
5642,5768,1
5647,4288,1
5647,4512,1
5649,5709,1
5709,625,1
5709,640,1
5709,655,1
5709,3466,1
5709,5758,1
5656,5800,2
5657,5409,1
5657,5410,1
5657,5411,1
5657,5784,1
5657,5785,1
5659,4312,1
5660,3675,1
5660,5661,1
5660,5662,1
5660,5663,1
5660,5664,1
5665,5666,1
5665,5855,2
5667,5668,1
5667,5669,1
5669,5678,1
5669,5679,1
5670,5671,1
5671,5733,2
5671,5734,1
5673,5408,1
5673,5674,1
5675,5676,1
5675,5680,1
5676,5677,1
5677,5669,2
5677,5678,1
5677,5679,1
5680,5681,1
5681,5682,1
5684,5685,1
5685,3571,1
5690,5691,1
5690,5692,1
5692,5693,1
5692,5694,1
5694,5695,1
5695,5696,1
5695,5700,1
5695,5845,1
5696,5697,1
5696,5698,1
5698,5699,1
5698,5846,2
5699,5964,1
5701,5625,2
5701,5705,1
5702,5703,1
5702,5704,1
5726,5728,1
5726,5729,1
5727,5726,2
5727,5728,1
5727,5729,1
5730,5731,1
5733,5734,1
5735,5832,2
5736,2627,1
5737,5308,2
5745,5746,1
5760,5851,2
5761,5802,2
5762,5763,1
5762,5765,1
5763,5764,1
5764,3436,1
5765,5766,1
5766,5767,1
5767,5353,1
5768,5769,1
5771,1981,1
5771,4303,1
5771,4304,1
5771,4305,1
5773,5436,1
5773,5437,1
5775,5863,1
5777,3250,1
5777,5636,1
5777,5852,1
5778,36,1
5778,1438,1
5779,329,1
5779,488,1
5779,1734,1
5779,2266,1
5779,4704,1
5780,41,1
5780,4175,1
5780,4176,1
5780,4177,1
5781,2753,1
5781,2754,1
5782,3106,1
5783,5908,1
5783,5910,1
5785,2014,1
5786,5468,1
5786,5787,1
5787,3537,1
5790,206,1
5790,207,1
5795,3817,1
5796,5615,1
5798,6057,1
5799,825,1
5800,996,1
5801,5892,1
5803,5804,1
5805,4601,1
5806,5807,1
5807,2795,1
5813,5030,1
5814,71,1
5814,2506,1
5814,3724,1
5815,2418,1
5815,2419,1
5817,1228,1
5818,2114,1
5818,5827,1
5819,3545,1
5820,1916,1
5821,92,1
5821,581,1
5821,582,1
5822,3888,1
5822,3889,1
5822,3891,1
5822,5290,1
5822,5291,1
5823,2385,1
5823,5033,1
5823,5034,1
5825,5826,1
5827,2027,1
5827,4973,1
5827,5828,1
5827,5839,1
5827,5864,1
5828,609,1
5828,2440,1
5828,5753,1
5828,5754,1
5829,2034,1
5829,2055,1
5830,2920,1
5833,5628,1
5834,5629,1
5835,5894,1
5837,477,1
5840,4681,1
5840,5434,1
5842,5893,1
5843,5844,1
5846,5699,1
5847,5458,1
5848,4262,1
5850,5851,1
5853,724,1
5853,725,1
5855,5666,1
5856,5857,1
5857,5858,1
5858,5859,1
5858,5860,1
5858,5913,2
5861,5862,1
5865,1215,1
5865,4962,1
5865,5545,1
5866,722,1
5868,2622,1
5875,5876,1
5878,5808,2
5879,5045,1
5882,5883,1
5882,5884,1
5882,5885,1
5885,5886,1
5886,5887,1
5886,5889,1
5887,5888,1
5889,5890,1
5890,5891,1
5891,5801,2
5891,5842,2
5891,5892,1
5891,5893,1
5892,5895,1
5893,5835,2
5893,5894,1
5896,5897,1
5896,5898,1
5902,5903,1
5902,5904,1
5902,5905,1
5902,5906,1
5912,5913,1
5913,5859,1
5913,5860,1
5916,5867,2
5933,2827,1
5962,5963,1
5964,5965,1
5969,5970,1
5969,5971,1
5972,5871,2
5974,5975,1
5976,5977,1
5977,5978,1
5980,5626,2
5980,6038,2
5980,6039,1
5981,5982,1
5983,5984,1
5985,5986,1
5985,6037,1
5986,5987,1
5988,5989,1
5988,5990,1
5989,6037,2
5993,5994,1
5995,5996,1
5997,126,1
5997,5998,1
5997,5999,1
6000,3486,2
6000,6040,2
6001,6002,1
6003,6004,1
6004,6005,1
6004,6006,1
6008,6009,1
6009,6010,1
6012,6014,1
6016,5085,2
6018,6019,1
6021,746,1
6022,6023,1
6024,6025,1
6026,6027,1
6026,6028,1
6027,6030,1
6028,6029,1
6028,6031,1
6028,6032,1
6029,2524,2
6033,6034,1
6040,743,1
6038,6039,1
6039,6056,1
6041,6042,1
6042,4963,2
6042,6043,1
6043,2920,2
6043,6044,1
6043,6045,1
6044,2573,1
6047,6048,1
6047,6049,1
6051,5841,2
6052,6053,1
6053,6054,1
6055,6039,2
6055,6056,1
6056,5798,2
6056,6057,1
5655,5591,2
4353,5591,2
287,5591,1
5811,5591,1
5591,4355,1
916,1745,1
842,1745,1
1745,3035,1
5650,5651,1
5651,5652,1
5652,5653,1
5653,5654,1
154,5630,1
243,5630,1
5630,5631,1
5631,5632,1
5654,5632,2
35,5966,1
4992,5966,1
35,5967,1
4992,5967,1
35,5968,1
4992,5968,1
1055,4584,1
1675,4584,1
5880,5881,1
5880,4584,2
4584,5881,1
5706,5707,1
5707,5708,1
5706,5899,1
5899,5900,1
5420,5421,1
5421,5422,1
1204,1855,1
1204,1205,1
1205,1222,1
1222,5418,1
5418,5419,1
4460,4467,1
4467,5420,1
1292,1791,1
4468,1791,2
1791,4470,1
5919,5934,1
5934,5935,1
5935,5936,1
5936,5937,1
5937,5938,1
5937,5939,1
5939,5940,1
5940,5941,1
5941,5942,1
5942,5943,1
5930,5933,1
5943,5944,1
5945,5946,1
5946,5947,1
5947,5948,1
5948,5949,1
5950,5951,1
5919,5920,1
5921,5922,1
5922,5923,1
5924,5925,1
5926,5927,1
5927,5930,1
5928,5929,1
5922,5928,1
5930,5931,1
5931,5932,1
5925,5926,1
5944,5945,1
5944,5952,1
5952,5953,1
5953,5954,1
5954,5955,1
5955,5956,1
5956,5957,1
5957,5958,1
5957,5959,1
5956,5960,1
5960,5961,1
2384,5901,1
5823,5901,1
46,515,1
46,5574,2
499,5574,1
4988,5574,1
5574,151,1
5574,456,1
5574,515,1
5022,5723,1
5104,5723,2
130,5713,2
5713,88,1
5713,2916,1
5102,5711,1
5711,5712,1
5711,5713,1
5711,5714,1
5714,5831,1
5719,5720,1
5720,5721,1
5721,5831,2
1794,5794,2
5794,1797,1
5794,1798,1
332,5725,1
5712,5725,2
4754,5724,1
5724,5725,2
5720,5722,1
5722,5732,1
5715,5716,1
5715,5717,1
5715,5718,1
5718,1361,1
445,6059,1
6058,6059,2
4379,6060,1
6060,6061,1
6061,6062,1
6062,6063,1
6058,6063,2
152,6064,1
4210,6064,2
6065,6064,2
5576,6065,1
